%Warning-PINMISSING: /home/runner/work/hetero_cnn_llm_aha/hetero_cnn_llm_aha/work/pinned_idma_archive/unpacked/idma_export/deps/axi_stream/src/axi_stream_cut.sv:41:5: Cell has missing pin: 'clr_i'
   41 |   ) i_spill_register_stream (
      |     ^~~~~~~~~~~~~~~~~~~~~~~
                     ... For warning description see https://verilator.org/warn/PINMISSING?v=5.020
                     ... Use "/* verilator lint_off PINMISSING */" and lint_on around source to disable this message.
%Warning-TIMESCALEMOD: /home/runner/work/hetero_cnn_llm_aha/hetero_cnn_llm_aha/rtl/integration/qwen2_matrix_command_endpoint.sv:2:8: Timescale missing on this module as other modules have it (IEEE 1800-2017 3.14.2.3)
    2 | module qwen2_matrix_command_endpoint(
      |        ^~~~~~~~~~~~~~~~~~~~~~~~~~~~~
                       /home/runner/work/hetero_cnn_llm_aha/hetero_cnn_llm_aha/rtl/matrix/bf16_outer_product_array_glue512.sv:4:8: ... Location of module with timescale
    4 | module bf16_outer_product_array_glue512 (
      |        ^~~~~~~~~~~~~~~~~~~~~~~~~~~~~~~~
%Warning-WIDTHEXPAND: /home/runner/work/hetero_cnn_llm_aha/hetero_cnn_llm_aha/work/pinned_idma_archive/unpacked/idma_export/idma/target/rtl/idma_generated.sv:8283:28: Operator VAR 'BurstLen' expects 32 bits on the Initial value, but Initial value's CONST '4'h8' generates 4 bits.
                                                                                                                                                                     : ... note: In instance 'Qwen2SharedProductionTop.dma.bb.u_backend'
 8283 |     parameter int unsigned BurstLen = 4'd8,
      |                            ^~~~~~~~
make: Entering directory '/home/runner/work/hetero_cnn_llm_aha/hetero_cnn_llm_aha/work/host_command_acceptance/real16/obj'
make[1]: Entering directory '/home/runner/work/hetero_cnn_llm_aha/hetero_cnn_llm_aha'
/usr/bin/verilator -f /home/runner/work/hetero_cnn_llm_aha/hetero_cnn_llm_aha/work/host_command_acceptance/real16/obj/Vbf16_context_lane_cluster16_rev8b_b_candidate__hierMkArgs.f
make[1]: Entering directory '/home/runner/work/hetero_cnn_llm_aha/hetero_cnn_llm_aha'
/usr/bin/verilator -f /home/runner/work/hetero_cnn_llm_aha/hetero_cnn_llm_aha/work/host_command_acceptance/real16/obj/Vbf16_context_lane_cluster16_rev8b_b_candidate__hierMkArgs.f
%Warning-PINMISSING: /home/runner/work/hetero_cnn_llm_aha/hetero_cnn_llm_aha/work/pinned_idma_archive/unpacked/idma_export/deps/axi_stream/src/axi_stream_cut.sv:41:5: Cell has missing pin: 'clr_i'
   41 |   ) i_spill_register_stream (
      |     ^~~~~~~~~~~~~~~~~~~~~~~
                     ... For warning description see https://verilator.org/warn/PINMISSING?v=5.020
                     ... Use "/* verilator lint_off PINMISSING */" and lint_on around source to disable this message.
%Warning-PINMISSING: /home/runner/work/hetero_cnn_llm_aha/hetero_cnn_llm_aha/work/pinned_idma_archive/unpacked/idma_export/deps/axi_stream/src/axi_stream_cut.sv:41:5: Cell has missing pin: 'clr_i'
   41 |   ) i_spill_register_stream (
      |     ^~~~~~~~~~~~~~~~~~~~~~~
                     ... For warning description see https://verilator.org/warn/PINMISSING?v=5.020
                     ... Use "/* verilator lint_off PINMISSING */" and lint_on around source to disable this message.
%Warning-TIMESCALEMOD: /home/runner/work/hetero_cnn_llm_aha/hetero_cnn_llm_aha/rtl/integration/qwen2_matrix_command_endpoint.sv:2:8: Timescale missing on this module as other modules have it (IEEE 1800-2017 3.14.2.3)
    2 | module qwen2_matrix_command_endpoint(
      |        ^~~~~~~~~~~~~~~~~~~~~~~~~~~~~
                       /home/runner/work/hetero_cnn_llm_aha/hetero_cnn_llm_aha/rtl/matrix/bf16_outer_product_array_glue512.sv:4:8: ... Location of module with timescale
    4 | module bf16_outer_product_array_glue512 (
      |        ^~~~~~~~~~~~~~~~~~~~~~~~~~~~~~~~
%Warning-TIMESCALEMOD: /home/runner/work/hetero_cnn_llm_aha/hetero_cnn_llm_aha/rtl/integration/qwen2_matrix_command_endpoint.sv:2:8: Timescale missing on this module as other modules have it (IEEE 1800-2017 3.14.2.3)
    2 | module qwen2_matrix_command_endpoint(
      |        ^~~~~~~~~~~~~~~~~~~~~~~~~~~~~
                       /home/runner/work/hetero_cnn_llm_aha/hetero_cnn_llm_aha/rtl/matrix/bf16_outer_product_array_glue512.sv:4:8: ... Location of module with timescale
    4 | module bf16_outer_product_array_glue512 (
      |        ^~~~~~~~~~~~~~~~~~~~~~~~~~~~~~~~
%Warning-WIDTHEXPAND: /home/runner/work/hetero_cnn_llm_aha/hetero_cnn_llm_aha/work/pinned_idma_archive/unpacked/idma_export/deps/axi/src/axi_pkg.sv:203:77: Operator DIV expects 144 bits on the LHS, but LHS's VARREF '_addr' generates 128 bits.
                                                                                                                                                          : ... note: In instance 'bf16_context_lane_cluster16_rev8b_b_candidate.g_lane[15].u_lane.u_post.post'
  203 |     return shortint'(($bits(_addr)  + $bits(strobe_width))'(_addr) - (_addr / largest_addr_t'(strobe_width)) * strobe_width);
      |                                                                             ^
%Warning-WIDTHEXPAND: /home/runner/work/hetero_cnn_llm_aha/hetero_cnn_llm_aha/work/pinned_idma_archive/unpacked/idma_export/deps/axi/src/axi_pkg.sv:203:77: Operator DIV expects 144 bits on the RHS, but RHS's CASTWRAP generates 128 bits.
                                                                                                                                                          : ... note: In instance 'bf16_context_lane_cluster16_rev8b_b_candidate.g_lane[15].u_lane.u_post.post'
  203 |     return shortint'(($bits(_addr)  + $bits(strobe_width))'(_addr) - (_addr / largest_addr_t'(strobe_width)) * strobe_width);
      |                                                                             ^
%Warning-WIDTHEXPAND: /home/runner/work/hetero_cnn_llm_aha/hetero_cnn_llm_aha/work/pinned_idma_archive/unpacked/idma_export/deps/axi/src/axi_pkg.sv:203:77: Operator DIV expects 144 bits on the LHS, but LHS's VARREF '_addr' generates 128 bits.
                                                                                                                                                          : ... note: In instance 'bf16_context_lane_cluster16_rev8b_b_candidate.g_lane[15].u_lane.u_post.post'
  203 |     return shortint'(($bits(_addr)  + $bits(strobe_width))'(_addr) - (_addr / largest_addr_t'(strobe_width)) * strobe_width);
      |                                                                             ^
%Warning-WIDTHEXPAND: /home/runner/work/hetero_cnn_llm_aha/hetero_cnn_llm_aha/work/pinned_idma_archive/unpacked/idma_export/deps/axi/src/axi_pkg.sv:203:77: Operator DIV expects 144 bits on the RHS, but RHS's CASTWRAP generates 128 bits.
                                                                                                                                                          : ... note: In instance 'bf16_context_lane_cluster16_rev8b_b_candidate.g_lane[15].u_lane.u_post.post'
  203 |     return shortint'(($bits(_addr)  + $bits(strobe_width))'(_addr) - (_addr / largest_addr_t'(strobe_width)) * strobe_width);
      |                                                                             ^
make[1]: Leaving directory '/home/runner/work/hetero_cnn_llm_aha/hetero_cnn_llm_aha'
make[1]: Entering directory '/home/runner/work/hetero_cnn_llm_aha/hetero_cnn_llm_aha'
/usr/bin/verilator -f /home/runner/work/hetero_cnn_llm_aha/hetero_cnn_llm_aha/work/host_command_acceptance/real16/obj/VQwen2SharedProductionTop__hierMkArgs.f
make[1]: Leaving directory '/home/runner/work/hetero_cnn_llm_aha/hetero_cnn_llm_aha'
make -f Vbf16_context_lane_cluster16_rev8b_b_candidate.mk -C Vbf16_context_lane_cluster16_rev8b_b_candidate VM_PREFIX=Vbf16_context_lane_cluster16_rev8b_b_candidate
make[1]: Entering directory '/home/runner/work/hetero_cnn_llm_aha/hetero_cnn_llm_aha/work/host_command_acceptance/real16/obj/Vbf16_context_lane_cluster16_rev8b_b_candidate'
g++ -O3  -I.  -MMD -I/home/runner/work/hetero_cnn_llm_aha/hetero_cnn_llm_aha/work/host_command_acceptance/verilator-runtime/include -I/home/runner/work/hetero_cnn_llm_aha/hetero_cnn_llm_aha/work/host_command_acceptance/verilator-runtime/include/vltstd -DVM_COVERAGE=0 -DVM_SC=0 -DVM_TRACE=0 -DVM_TRACE_FST=0 -DVM_TRACE_VCD=0 -faligned-new -fcf-protection=none -Wno-bool-operation -Wno-overloaded-virtual -Wno-shadow -Wno-sign-compare -Wno-uninitialized -Wno-unused-but-set-parameter -Wno-unused-but-set-variable -Wno-unused-parameter -Wno-unused-variable     -fPIC -O3 -std=c++17 -ffp-contract=off -fno-fast-math -DBLOCK_COMMON -DBLOCK_AXI -DBLOCK_IDMA -I/home/runner/work/hetero_cnn_llm_aha/hetero_cnn_llm_aha/work/host_command_acceptance/real16/generated -I/home/runner/work/hetero_cnn_llm_aha/hetero_cnn_llm_aha/chisel/continuous_prefill/tests   -x c++-header Vbf16_context_lane_cluster16_rev8b_b_candidate__pch.h -o Vbf16_context_lane_cluster16_rev8b_b_candidate__pch.h.fast.gch
g++   -I.  -MMD -I/home/runner/work/hetero_cnn_llm_aha/hetero_cnn_llm_aha/work/host_command_acceptance/verilator-runtime/include -I/home/runner/work/hetero_cnn_llm_aha/hetero_cnn_llm_aha/work/host_command_acceptance/verilator-runtime/include/vltstd -DVM_COVERAGE=0 -DVM_SC=0 -DVM_TRACE=0 -DVM_TRACE_FST=0 -DVM_TRACE_VCD=0 -faligned-new -fcf-protection=none -Wno-bool-operation -Wno-overloaded-virtual -Wno-shadow -Wno-sign-compare -Wno-uninitialized -Wno-unused-but-set-parameter -Wno-unused-but-set-variable -Wno-unused-parameter -Wno-unused-variable     -fPIC -O3 -std=c++17 -ffp-contract=off -fno-fast-math -DBLOCK_COMMON -DBLOCK_AXI -DBLOCK_IDMA -I/home/runner/work/hetero_cnn_llm_aha/hetero_cnn_llm_aha/work/host_command_acceptance/real16/generated -I/home/runner/work/hetero_cnn_llm_aha/hetero_cnn_llm_aha/chisel/continuous_prefill/tests   -x c++-header Vbf16_context_lane_cluster16_rev8b_b_candidate__pch.h -o Vbf16_context_lane_cluster16_rev8b_b_candidate__pch.h.slow.gch
%Warning-PINMISSING: /home/runner/work/hetero_cnn_llm_aha/hetero_cnn_llm_aha/work/pinned_idma_archive/unpacked/idma_export/deps/axi_stream/src/axi_stream_cut.sv:41:5: Cell has missing pin: 'clr_i'
   41 |   ) i_spill_register_stream (
      |     ^~~~~~~~~~~~~~~~~~~~~~~
                     ... For warning description see https://verilator.org/warn/PINMISSING?v=5.020
                     ... Use "/* verilator lint_off PINMISSING */" and lint_on around source to disable this message.
%Warning-TIMESCALEMOD: /home/runner/work/hetero_cnn_llm_aha/hetero_cnn_llm_aha/rtl/integration/qwen2_matrix_command_endpoint.sv:2:8: Timescale missing on this module as other modules have it (IEEE 1800-2017 3.14.2.3)
    2 | module qwen2_matrix_command_endpoint(
      |        ^~~~~~~~~~~~~~~~~~~~~~~~~~~~~
                       /home/runner/work/hetero_cnn_llm_aha/hetero_cnn_llm_aha/work/host_command_acceptance/real16/obj/Vbf16_context_lane_cluster16_rev8b_b_candidate/bf16_context_lane_cluster16_rev8b_b_candidate.sv:6:8: ... Location of module with timescale
    6 | module bf16_context_lane_cluster16_rev8b_b_candidate (
      |        ^~~~~~~~~~~~~~~~~~~~~~~~~~~~~~~~~~~~~~~~~~~~~
%Warning-WIDTHEXPAND: /home/runner/work/hetero_cnn_llm_aha/hetero_cnn_llm_aha/work/pinned_idma_archive/unpacked/idma_export/idma/target/rtl/idma_generated.sv:8283:28: Operator VAR 'BurstLen' expects 32 bits on the Initial value, but Initial value's CONST '4'h8' generates 4 bits.
                                                                                                                                                                     : ... note: In instance 'Qwen2SharedProductionTop.dma.bb.u_backend'
 8283 |     parameter int unsigned BurstLen = 4'd8,
      |                            ^~~~~~~~
g++ -O3  -I.  -MMD -I/home/runner/work/hetero_cnn_llm_aha/hetero_cnn_llm_aha/work/host_command_acceptance/verilator-runtime/include -I/home/runner/work/hetero_cnn_llm_aha/hetero_cnn_llm_aha/work/host_command_acceptance/verilator-runtime/include/vltstd -DVM_COVERAGE=0 -DVM_SC=0 -DVM_TRACE=0 -DVM_TRACE_FST=0 -DVM_TRACE_VCD=0 -faligned-new -fcf-protection=none -Wno-bool-operation -Wno-overloaded-virtual -Wno-shadow -Wno-sign-compare -Wno-uninitialized -Wno-unused-but-set-parameter -Wno-unused-but-set-variable -Wno-unused-parameter -Wno-unused-variable     -fPIC -O3 -std=c++17 -ffp-contract=off -fno-fast-math -DBLOCK_COMMON -DBLOCK_AXI -DBLOCK_IDMA -I/home/runner/work/hetero_cnn_llm_aha/hetero_cnn_llm_aha/work/host_command_acceptance/real16/generated -I/home/runner/work/hetero_cnn_llm_aha/hetero_cnn_llm_aha/chisel/continuous_prefill/tests   -c -o bf16_context_lane_cluster16_rev8b_b_candidate.o bf16_context_lane_cluster16_rev8b_b_candidate.cpp
echo "" > libbf16_context_lane_cluster16_rev8b_b_candidate.verilator_deplist.tmp
g++ -O3  -I.  -MMD -I/home/runner/work/hetero_cnn_llm_aha/hetero_cnn_llm_aha/work/host_command_acceptance/verilator-runtime/include -I/home/runner/work/hetero_cnn_llm_aha/hetero_cnn_llm_aha/work/host_command_acceptance/verilator-runtime/include/vltstd -DVM_COVERAGE=0 -DVM_SC=0 -DVM_TRACE=0 -DVM_TRACE_FST=0 -DVM_TRACE_VCD=0 -faligned-new -fcf-protection=none -Wno-bool-operation -Wno-overloaded-virtual -Wno-shadow -Wno-sign-compare -Wno-uninitialized -Wno-unused-but-set-parameter -Wno-unused-but-set-variable -Wno-unused-parameter -Wno-unused-variable     -fPIC -O3 -std=c++17 -ffp-contract=off -fno-fast-math -DBLOCK_COMMON -DBLOCK_AXI -DBLOCK_IDMA -I/home/runner/work/hetero_cnn_llm_aha/hetero_cnn_llm_aha/work/host_command_acceptance/real16/generated -I/home/runner/work/hetero_cnn_llm_aha/hetero_cnn_llm_aha/chisel/continuous_prefill/tests    -c -o Vbf16_context_lane_cluster16_rev8b_b_candidate.o Vbf16_context_lane_cluster16_rev8b_b_candidate.cpp
g++ -O3  -I.  -MMD -I/home/runner/work/hetero_cnn_llm_aha/hetero_cnn_llm_aha/work/host_command_acceptance/verilator-runtime/include -I/home/runner/work/hetero_cnn_llm_aha/hetero_cnn_llm_aha/work/host_command_acceptance/verilator-runtime/include/vltstd -DVM_COVERAGE=0 -DVM_SC=0 -DVM_TRACE=0 -DVM_TRACE_FST=0 -DVM_TRACE_VCD=0 -faligned-new -fcf-protection=none -Wno-bool-operation -Wno-overloaded-virtual -Wno-shadow -Wno-sign-compare -Wno-uninitialized -Wno-unused-but-set-parameter -Wno-unused-but-set-variable -Wno-unused-parameter -Wno-unused-variable     -fPIC -O3 -std=c++17 -ffp-contract=off -fno-fast-math -DBLOCK_COMMON -DBLOCK_AXI -DBLOCK_IDMA -I/home/runner/work/hetero_cnn_llm_aha/hetero_cnn_llm_aha/work/host_command_acceptance/real16/generated -I/home/runner/work/hetero_cnn_llm_aha/hetero_cnn_llm_aha/chisel/continuous_prefill/tests    -c -o Vbf16_context_lane_cluster16_rev8b_b_candidate___024root__DepSet_h6ee09ac0__0.o Vbf16_context_lane_cluster16_rev8b_b_candidate___024root__DepSet_h6ee09ac0__0.cpp
%Warning-WIDTHEXPAND: /home/runner/work/hetero_cnn_llm_aha/hetero_cnn_llm_aha/work/pinned_idma_archive/unpacked/idma_export/deps/common_cells/src/cc_passthrough_stream_fifo.sv:81:50: Operator EQ expects 32 bits on the LHS, but LHS's SEL generates 2 bits.
                                                                                                                                                                                     : ... note: In instance 'Qwen2SharedProductionTop.dma.bb.u_backend.i_idma_transport_layer.i_dataflow_element.gen_fifo_buffer[0].i_passthrough_stream_fifo'
   81 |                 if (read_ptr_q[PointerWidth-2:0] == (Depth-1)) begin
      |                                                  ^~
%Warning-WIDTHEXPAND: /home/runner/work/hetero_cnn_llm_aha/hetero_cnn_llm_aha/work/pinned_idma_archive/unpacked/idma_export/deps/common_cells/src/cc_passthrough_stream_fifo.sv:100:51: Operator EQ expects 32 bits on the LHS, but LHS's SEL generates 2 bits.
                                                                                                                                                                                      : ... note: In instance 'Qwen2SharedProductionTop.dma.bb.u_backend.i_idma_transport_layer.i_dataflow_element.gen_fifo_buffer[0].i_passthrough_stream_fifo'
  100 |                 if (write_ptr_q[PointerWidth-2:0] == (Depth-1)) begin
      |                                                   ^~
%Warning-WIDTHEXPAND: /home/runner/work/hetero_cnn_llm_aha/hetero_cnn_llm_aha/work/pinned_idma_archive/unpacked/idma_export/idma/src/backend/idma_axi_write.sv:125:44: Operator SUB expects 32 bits on the RHS, but RHS's SEL generates 6 bits.
                                                                                                                                                                     : ... note: In instance 'Qwen2SharedProductionTop.dma.bb.u_backend.i_idma_transport_layer.i_idma_axi_write'
  125 |     assign w_last_mask  = '1 >> (StrbWidth - w_dp_req_i.tailer);
      |                                            ^
%Warning-WIDTHEXPAND: /home/runner/work/hetero_cnn_llm_aha/hetero_cnn_llm_aha/work/pinned_idma_archive/unpacked/idma_export/idma/src/backend/idma_axi_read.sv:101:44: Operator SUB expects 32 bits on the RHS, but RHS's SEL generates 6 bits.
                                                                                                                                                                    : ... note: In instance 'Qwen2SharedProductionTop.dma.bb.u_backend.i_idma_transport_layer.i_idma_axi_read'
  101 |     assign r_last_mask  = '1 >> (StrbWidth - r_dp_req_i.tailer);
      |                                            ^
%Warning-WIDTHTRUNC: /home/runner/work/hetero_cnn_llm_aha/hetero_cnn_llm_aha/work/pinned_idma_archive/unpacked/idma_export/idma/src/backend/idma_legalizer_page_splitter.sv:34:29: Operator ASSIGN expects 4 bits on the Assign RHS, but Assign RHS's VARREF 'OffsetWidth' generates 32 bits.
                                                                                                                                                                                 : ... note: In instance 'Qwen2SharedProductionTop.dma.bb.u_backend.gen_hw_legalizer.i_idma_legalizer.i_read_page_splitter'
   34 |             page_addr_width = OffsetWidth;
      |                             ^
%Warning-WIDTHEXPAND: /home/runner/work/hetero_cnn_llm_aha/hetero_cnn_llm_aha/work/pinned_idma_archive/unpacked/idma_export/idma/src/backend/idma_legalizer_page_splitter.sv:38:59: Operator COND expects 32 bits on the Conditional True, but Conditional True's VARREF 'max_llen_i' generates 3 bits.
                                                                                                                                                                                  : ... note: In instance 'Qwen2SharedProductionTop.dma.bb.u_backend.gen_hw_legalizer.i_idma_legalizer.i_read_page_splitter'
   38 |             page_addr_width = OffsetWidth + (reduce_len_i ? max_llen_i : BurstLen);
      |                                                           ^
%Warning-WIDTHTRUNC: /home/runner/work/hetero_cnn_llm_aha/hetero_cnn_llm_aha/work/pinned_idma_archive/unpacked/idma_export/idma/src/backend/idma_legalizer_page_splitter.sv:38:29: Operator ASSIGN expects 4 bits on the Assign RHS, but Assign RHS's ADD generates 32 bits.
                                                                                                                                                                                 : ... note: In instance 'Qwen2SharedProductionTop.dma.bb.u_backend.gen_hw_legalizer.i_idma_legalizer.i_read_page_splitter'
   38 |             page_addr_width = OffsetWidth + (reduce_len_i ? max_llen_i : BurstLen);
      |                             ^
%Warning-WIDTHEXPAND: /home/runner/work/hetero_cnn_llm_aha/hetero_cnn_llm_aha/work/pinned_idma_archive/unpacked/idma_export/idma/src/backend/idma_legalizer_page_splitter.sv:54:46: Operator GT expects 32 bits on the LHS, but LHS's VARREF 'page_addr_width' generates 4 bits.
                                                                                                                                                                                  : ... note: In instance 'Qwen2SharedProductionTop.dma.bb.u_backend.gen_hw_legalizer.i_idma_legalizer.i_read_page_splitter'
   54 |             page_offset[i] = page_addr_width > i ? addr_i[i] : 1'b0;
      |                                              ^
%Warning-WIDTHEXPAND: /home/runner/work/hetero_cnn_llm_aha/hetero_cnn_llm_aha/work/pinned_idma_archive/unpacked/idma_export/idma/target/rtl/idma_generated.sv:4111:43: Operator SUB expects 32 bits on the RHS, but RHS's VARREF 'r_num_bytes_possible' generates 13 bits.
                                                                                                                                                                     : ... note: In instance 'Qwen2SharedProductionTop.dma.bb.u_backend.gen_hw_legalizer.i_idma_legalizer'
 4111 |             r_tf_d.length = r_tf_q.length - r_num_bytes_possible;
      |                                           ^
%Warning-WIDTHEXPAND: /home/runner/work/hetero_cnn_llm_aha/hetero_cnn_llm_aha/work/pinned_idma_archive/unpacked/idma_export/idma/target/rtl/idma_generated.sv:4113:39: Operator ADD expects 64 bits on the RHS, but RHS's VARREF 'r_num_bytes' generates 13 bits.
                                                                                                                                                                     : ... note: In instance 'Qwen2SharedProductionTop.dma.bb.u_backend.gen_hw_legalizer.i_idma_legalizer'
 4113 |             r_tf_d.addr = r_tf_q.addr + r_num_bytes;
      |                                       ^
%Warning-WIDTHEXPAND: /home/runner/work/hetero_cnn_llm_aha/hetero_cnn_llm_aha/work/pinned_idma_archive/unpacked/idma_export/idma/target/rtl/idma_generated.sv:4130:43: Operator SUB expects 32 bits on the RHS, but RHS's VARREF 'w_num_bytes_possible' generates 13 bits.
                                                                                                                                                                     : ... note: In instance 'Qwen2SharedProductionTop.dma.bb.u_backend.gen_hw_legalizer.i_idma_legalizer'
 4130 |             w_tf_d.length = w_tf_q.length - w_num_bytes_possible;
      |                                           ^
%Warning-WIDTHEXPAND: /home/runner/work/hetero_cnn_llm_aha/hetero_cnn_llm_aha/work/pinned_idma_archive/unpacked/idma_export/idma/target/rtl/idma_generated.sv:4132:39: Operator ADD expects 64 bits on the RHS, but RHS's VARREF 'w_num_bytes' generates 13 bits.
                                                                                                                                                                     : ... note: In instance 'Qwen2SharedProductionTop.dma.bb.u_backend.gen_hw_legalizer.i_idma_legalizer'
 4132 |             w_tf_d.addr = w_tf_q.addr + w_num_bytes;
      |                                       ^
%Warning-WIDTHEXPAND: /home/runner/work/hetero_cnn_llm_aha/hetero_cnn_llm_aha/work/pinned_idma_archive/unpacked/idma_export/idma/target/rtl/idma_generated.sv:4241:32: Operator ADD expects 32 or 13 bits on the RHS, but RHS's VARREF 'r_addr_offset' generates 6 bits.
                                                                                                                                                                     : ... note: In instance 'Qwen2SharedProductionTop.dma.bb.u_backend.gen_hw_legalizer.i_idma_legalizer'
 4241 |             len: ((r_num_bytes + r_addr_offset - 'd1) >> OffsetWidth),
      |                                ^
%Warning-WIDTHTRUNC: /home/runner/work/hetero_cnn_llm_aha/hetero_cnn_llm_aha/work/pinned_idma_archive/unpacked/idma_export/idma/target/rtl/idma_generated.sv:4241:13: Operator PATMEMBER expects 8 bits on the Pattern value, but Pattern value's SHIFTR generates 32 or 13 bits.
                                                                                                                                                                    : ... note: In instance 'Qwen2SharedProductionTop.dma.bb.u_backend.gen_hw_legalizer.i_idma_legalizer'
 4241 |             len: ((r_num_bytes + r_addr_offset - 'd1) >> OffsetWidth),
      |             ^~~
%Warning-WIDTHEXPAND: /home/runner/work/hetero_cnn_llm_aha/hetero_cnn_llm_aha/work/pinned_idma_archive/unpacked/idma_export/idma/target/rtl/idma_generated.sv:4258:48: Operator ADD expects 13 bits on the RHS, but RHS's VARREF 'r_addr_offset' generates 6 bits.
                                                                                                                                                                     : ... note: In instance 'Qwen2SharedProductionTop.dma.bb.u_backend.gen_hw_legalizer.i_idma_legalizer'
 4258 |         tailer:       OffsetWidth'(r_num_bytes + r_addr_offset),
      |                                                ^
%Warning-WIDTHEXPAND: /home/runner/work/hetero_cnn_llm_aha/hetero_cnn_llm_aha/work/pinned_idma_archive/unpacked/idma_export/idma/target/rtl/idma_generated.sv:4261:35: Operator LTE expects 32 bits on the LHS, but LHS's VARREF 'r_num_bytes' generates 13 bits.
                                                                                                                                                                     : ... note: In instance 'Qwen2SharedProductionTop.dma.bb.u_backend.gen_hw_legalizer.i_idma_legalizer'
 4261 |         is_single:    r_num_bytes <= StrbWidth
      |                                   ^~
%Warning-WIDTHEXPAND: /home/runner/work/hetero_cnn_llm_aha/hetero_cnn_llm_aha/work/pinned_idma_archive/unpacked/idma_export/idma/target/rtl/idma_generated.sv:4269:32: Operator ADD expects 32 or 13 bits on the RHS, but RHS's VARREF 'w_addr_offset' generates 6 bits.
                                                                                                                                                                     : ... note: In instance 'Qwen2SharedProductionTop.dma.bb.u_backend.gen_hw_legalizer.i_idma_legalizer'
 4269 |             len: ((w_num_bytes + w_addr_offset - 'd1) >> OffsetWidth),
      |                                ^
%Warning-WIDTHTRUNC: /home/runner/work/hetero_cnn_llm_aha/hetero_cnn_llm_aha/work/pinned_idma_archive/unpacked/idma_export/idma/target/rtl/idma_generated.sv:4269:13: Operator PATMEMBER expects 8 bits on the Pattern value, but Pattern value's SHIFTR generates 32 or 13 bits.
                                                                                                                                                                    : ... note: In instance 'Qwen2SharedProductionTop.dma.bb.u_backend.gen_hw_legalizer.i_idma_legalizer'
 4269 |             len: ((w_num_bytes + w_addr_offset - 'd1) >> OffsetWidth),
      |             ^~~
%Warning-WIDTHEXPAND: /home/runner/work/hetero_cnn_llm_aha/hetero_cnn_llm_aha/work/pinned_idma_archive/unpacked/idma_export/idma/target/rtl/idma_generated.sv:4284:46: Operator ADD expects 13 bits on the RHS, but RHS's VARREF 'w_addr_offset' generates 6 bits.
                                                                                                                                                                     : ... note: In instance 'Qwen2SharedProductionTop.dma.bb.u_backend.gen_hw_legalizer.i_idma_legalizer'
 4284 |             tailer: OffsetWidth'(w_num_bytes + w_addr_offset),
      |                                              ^
%Warning-WIDTHEXPAND: /home/runner/work/hetero_cnn_llm_aha/hetero_cnn_llm_aha/work/pinned_idma_archive/unpacked/idma_export/idma/target/rtl/idma_generated.sv:4380:387: Operator DIV expects 65 bits on the LHS, but LHS's EXTEND generates 64 bits.
                                                                                                                                                                      : ... note: In instance 'Qwen2SharedProductionTop.dma.bb.u_backend.gen_hw_legalizer.i_idma_legalizer'
%Warning-WIDTHEXPAND: /home/runner/work/hetero_cnn_llm_aha/hetero_cnn_llm_aha/work/pinned_idma_archive/unpacked/idma_export/idma/target/rtl/idma_generated.sv:4380:387: Operator DIV expects 65 bits on the RHS, but RHS's EXTEND generates 64 bits.
                                                                                                                                                                      : ... note: In instance 'Qwen2SharedProductionTop.dma.bb.u_backend.gen_hw_legalizer.i_idma_legalizer'
%Warning-WIDTHEXPAND: /home/runner/work/hetero_cnn_llm_aha/hetero_cnn_llm_aha/work/pinned_idma_archive/unpacked/idma_export/deps/axi/src/axi_pkg.sv:203:77: Operator DIV expects 144 bits on the LHS, but LHS's VARREF '_addr' generates 128 bits.
                                                                                                                                                          : ... note: In instance 'Qwen2SharedProductionTop.block.adapter.ep.matrix'
  203 |     return shortint'(($bits(_addr)  + $bits(strobe_width))'(_addr) - (_addr / largest_addr_t'(strobe_width)) * strobe_width);
      |                                                                             ^
%Warning-WIDTHEXPAND: /home/runner/work/hetero_cnn_llm_aha/hetero_cnn_llm_aha/work/pinned_idma_archive/unpacked/idma_export/deps/axi/src/axi_pkg.sv:203:77: Operator DIV expects 144 bits on the RHS, but RHS's CASTWRAP generates 128 bits.
                                                                                                                                                          : ... note: In instance 'Qwen2SharedProductionTop.block.adapter.ep.matrix'
  203 |     return shortint'(($bits(_addr)  + $bits(strobe_width))'(_addr) - (_addr / largest_addr_t'(strobe_width)) * strobe_width);
      |                                                                             ^
%Warning-WIDTHEXPAND: /home/runner/work/hetero_cnn_llm_aha/hetero_cnn_llm_aha/work/pinned_idma_archive/unpacked/idma_export/idma/target/rtl/idma_generated.sv:8762:35: Operator ASSIGNW expects 68 bits on the Assign RHS, but Assign RHS's CONST '1'h0' generates 1 bits.
                                                                                                                                                                     : ... note: In instance 'Qwen2SharedProductionTop.dma.bb.u_backend'
 8762 |         assign idma_rsp.pld       = 1'b0;
      |                                   ^
g++ -O3  -I.  -MMD -I/home/runner/work/hetero_cnn_llm_aha/hetero_cnn_llm_aha/work/host_command_acceptance/verilator-runtime/include -I/home/runner/work/hetero_cnn_llm_aha/hetero_cnn_llm_aha/work/host_command_acceptance/verilator-runtime/include/vltstd -DVM_COVERAGE=0 -DVM_SC=0 -DVM_TRACE=0 -DVM_TRACE_FST=0 -DVM_TRACE_VCD=0 -faligned-new -fcf-protection=none -Wno-bool-operation -Wno-overloaded-virtual -Wno-shadow -Wno-sign-compare -Wno-uninitialized -Wno-unused-but-set-parameter -Wno-unused-but-set-variable -Wno-unused-parameter -Wno-unused-variable     -fPIC -O3 -std=c++17 -ffp-contract=off -fno-fast-math -DBLOCK_COMMON -DBLOCK_AXI -DBLOCK_IDMA -I/home/runner/work/hetero_cnn_llm_aha/hetero_cnn_llm_aha/work/host_command_acceptance/real16/generated -I/home/runner/work/hetero_cnn_llm_aha/hetero_cnn_llm_aha/chisel/continuous_prefill/tests    -c -o Vbf16_context_lane_cluster16_rev8b_b_candidate___024root__DepSet_h93b2fa63__0.o Vbf16_context_lane_cluster16_rev8b_b_candidate___024root__DepSet_h93b2fa63__0.cpp
g++ -O3  -I.  -MMD -I/home/runner/work/hetero_cnn_llm_aha/hetero_cnn_llm_aha/work/host_command_acceptance/verilator-runtime/include -I/home/runner/work/hetero_cnn_llm_aha/hetero_cnn_llm_aha/work/host_command_acceptance/verilator-runtime/include/vltstd -DVM_COVERAGE=0 -DVM_SC=0 -DVM_TRACE=0 -DVM_TRACE_FST=0 -DVM_TRACE_VCD=0 -faligned-new -fcf-protection=none -Wno-bool-operation -Wno-overloaded-virtual -Wno-shadow -Wno-sign-compare -Wno-uninitialized -Wno-unused-but-set-parameter -Wno-unused-but-set-variable -Wno-unused-parameter -Wno-unused-variable     -fPIC -O3 -std=c++17 -ffp-contract=off -fno-fast-math -DBLOCK_COMMON -DBLOCK_AXI -DBLOCK_IDMA -I/home/runner/work/hetero_cnn_llm_aha/hetero_cnn_llm_aha/work/host_command_acceptance/real16/generated -I/home/runner/work/hetero_cnn_llm_aha/hetero_cnn_llm_aha/chisel/continuous_prefill/tests    -c -o Vbf16_context_lane_cluster16_rev8b_b_candidate_bf16_context_fma_pipeline_lane5_rev8b_b_candidate__DepSet_h83af4dd3__0.o Vbf16_context_lane_cluster16_rev8b_b_candidate_bf16_context_fma_pipeline_lane5_rev8b_b_candidate__DepSet_h83af4dd3__0.cpp
g++ -O3  -I.  -MMD -I/home/runner/work/hetero_cnn_llm_aha/hetero_cnn_llm_aha/work/host_command_acceptance/verilator-runtime/include -I/home/runner/work/hetero_cnn_llm_aha/hetero_cnn_llm_aha/work/host_command_acceptance/verilator-runtime/include/vltstd -DVM_COVERAGE=0 -DVM_SC=0 -DVM_TRACE=0 -DVM_TRACE_FST=0 -DVM_TRACE_VCD=0 -faligned-new -fcf-protection=none -Wno-bool-operation -Wno-overloaded-virtual -Wno-shadow -Wno-sign-compare -Wno-uninitialized -Wno-unused-but-set-parameter -Wno-unused-but-set-variable -Wno-unused-parameter -Wno-unused-variable     -fPIC -O3 -std=c++17 -ffp-contract=off -fno-fast-math -DBLOCK_COMMON -DBLOCK_AXI -DBLOCK_IDMA -I/home/runner/work/hetero_cnn_llm_aha/hetero_cnn_llm_aha/work/host_command_acceptance/real16/generated -I/home/runner/work/hetero_cnn_llm_aha/hetero_cnn_llm_aha/chisel/continuous_prefill/tests    -c -o Vbf16_context_lane_cluster16_rev8b_b_candidate_bf16_context_fma_pipeline_lane5_rev8b_b_candidate__DepSet_h83af4dd3__1.o Vbf16_context_lane_cluster16_rev8b_b_candidate_bf16_context_fma_pipeline_lane5_rev8b_b_candidate__DepSet_h83af4dd3__1.cpp
g++ -O3  -I.  -MMD -I/home/runner/work/hetero_cnn_llm_aha/hetero_cnn_llm_aha/work/host_command_acceptance/verilator-runtime/include -I/home/runner/work/hetero_cnn_llm_aha/hetero_cnn_llm_aha/work/host_command_acceptance/verilator-runtime/include/vltstd -DVM_COVERAGE=0 -DVM_SC=0 -DVM_TRACE=0 -DVM_TRACE_FST=0 -DVM_TRACE_VCD=0 -faligned-new -fcf-protection=none -Wno-bool-operation -Wno-overloaded-virtual -Wno-shadow -Wno-sign-compare -Wno-uninitialized -Wno-unused-but-set-parameter -Wno-unused-but-set-variable -Wno-unused-parameter -Wno-unused-variable     -fPIC -O3 -std=c++17 -ffp-contract=off -fno-fast-math -DBLOCK_COMMON -DBLOCK_AXI -DBLOCK_IDMA -I/home/runner/work/hetero_cnn_llm_aha/hetero_cnn_llm_aha/work/host_command_acceptance/real16/generated -I/home/runner/work/hetero_cnn_llm_aha/hetero_cnn_llm_aha/chisel/continuous_prefill/tests    -c -o Vbf16_context_lane_cluster16_rev8b_b_candidate_bf16_context_fma_pipeline_lane5_rev8b_b_candidate__DepSet_h83af4dd3__2.o Vbf16_context_lane_cluster16_rev8b_b_candidate_bf16_context_fma_pipeline_lane5_rev8b_b_candidate__DepSet_h83af4dd3__2.cpp
g++ -O3  -I.  -MMD -I/home/runner/work/hetero_cnn_llm_aha/hetero_cnn_llm_aha/work/host_command_acceptance/verilator-runtime/include -I/home/runner/work/hetero_cnn_llm_aha/hetero_cnn_llm_aha/work/host_command_acceptance/verilator-runtime/include/vltstd -DVM_COVERAGE=0 -DVM_SC=0 -DVM_TRACE=0 -DVM_TRACE_FST=0 -DVM_TRACE_VCD=0 -faligned-new -fcf-protection=none -Wno-bool-operation -Wno-overloaded-virtual -Wno-shadow -Wno-sign-compare -Wno-uninitialized -Wno-unused-but-set-parameter -Wno-unused-but-set-variable -Wno-unused-parameter -Wno-unused-variable     -fPIC -O3 -std=c++17 -ffp-contract=off -fno-fast-math -DBLOCK_COMMON -DBLOCK_AXI -DBLOCK_IDMA -I/home/runner/work/hetero_cnn_llm_aha/hetero_cnn_llm_aha/work/host_command_acceptance/real16/generated -I/home/runner/work/hetero_cnn_llm_aha/hetero_cnn_llm_aha/chisel/continuous_prefill/tests    -c -o Vbf16_context_lane_cluster16_rev8b_b_candidate_bf16_context_fma_pipeline_lane5_rev8b_b_candidate__DepSet_h83af4dd3__3.o Vbf16_context_lane_cluster16_rev8b_b_candidate_bf16_context_fma_pipeline_lane5_rev8b_b_candidate__DepSet_h83af4dd3__3.cpp
g++ -O3  -I.  -MMD -I/home/runner/work/hetero_cnn_llm_aha/hetero_cnn_llm_aha/work/host_command_acceptance/verilator-runtime/include -I/home/runner/work/hetero_cnn_llm_aha/hetero_cnn_llm_aha/work/host_command_acceptance/verilator-runtime/include/vltstd -DVM_COVERAGE=0 -DVM_SC=0 -DVM_TRACE=0 -DVM_TRACE_FST=0 -DVM_TRACE_VCD=0 -faligned-new -fcf-protection=none -Wno-bool-operation -Wno-overloaded-virtual -Wno-shadow -Wno-sign-compare -Wno-uninitialized -Wno-unused-but-set-parameter -Wno-unused-but-set-variable -Wno-unused-parameter -Wno-unused-variable     -fPIC -O3 -std=c++17 -ffp-contract=off -fno-fast-math -DBLOCK_COMMON -DBLOCK_AXI -DBLOCK_IDMA -I/home/runner/work/hetero_cnn_llm_aha/hetero_cnn_llm_aha/work/host_command_acceptance/real16/generated -I/home/runner/work/hetero_cnn_llm_aha/hetero_cnn_llm_aha/chisel/continuous_prefill/tests    -c -o Vbf16_context_lane_cluster16_rev8b_b_candidate_idma_reg32_3d_reg_pkg__DepSet_hfe9aa73d__0.o Vbf16_context_lane_cluster16_rev8b_b_candidate_idma_reg32_3d_reg_pkg__DepSet_hfe9aa73d__0.cpp
%Warning-UNOPTFLAT: /home/runner/work/hetero_cnn_llm_aha/hetero_cnn_llm_aha/work/pinned_idma_archive/unpacked/idma_export/deps/common_cells/src/cc_passthrough_stream_fifo.sv:43:34: Signal unoptimizable: Circular combinational logic: 'Qwen2SharedProductionTop.dma.bb.u_backend.i_idma_transport_layer.i_dataflow_element.__Vcellout__gen_fifo_buffer[0].i_passthrough_stream_fifo__valid_o'
   43 |     output logic                 valid_o,
      |                                  ^~~~~~~
                    /home/runner/work/hetero_cnn_llm_aha/hetero_cnn_llm_aha/work/pinned_idma_archive/unpacked/idma_export/deps/common_cells/src/cc_passthrough_stream_fifo.sv:43:34:      Example path: Qwen2SharedProductionTop.dma.bb.u_backend.i_idma_transport_layer.i_dataflow_element.__Vcellout__gen_fifo_buffer[0].i_passthrough_stream_fifo__valid_o
                    /home/runner/work/hetero_cnn_llm_aha/hetero_cnn_llm_aha/work/pinned_idma_archive/unpacked/idma_export/deps/common_cells/src/cc_passthrough_stream_fifo.sv:43:34:      Example path: ASSIGNW
                    /home/runner/work/hetero_cnn_llm_aha/hetero_cnn_llm_aha/work/pinned_idma_archive/unpacked/idma_export/idma/src/backend/idma_dataflow_element.sv:30:19:      Example path: Qwen2SharedProductionTop.dma.bb.u_backend.i_idma_transport_layer.__Vcellout__i_dataflow_element__valid_o
                    /home/runner/work/hetero_cnn_llm_aha/hetero_cnn_llm_aha/work/pinned_idma_archive/unpacked/idma_export/idma/target/rtl/idma_generated.sv:303:10:      Example path: ASSIGNW
                    /home/runner/work/hetero_cnn_llm_aha/hetero_cnn_llm_aha/work/pinned_idma_archive/unpacked/idma_export/idma/src/backend/idma_axi_write.sv:78:19:      Example path: Qwen2SharedProductionTop.dma.bb.u_backend.i_idma_transport_layer.__Vcellinp__i_idma_axi_write__buffer_out_valid_i
                    /home/runner/work/hetero_cnn_llm_aha/hetero_cnn_llm_aha/work/pinned_idma_archive/unpacked/idma_export/idma/src/backend/idma_axi_write.sv:224:5:      Example path: ALWAYS
                    /home/runner/work/hetero_cnn_llm_aha/hetero_cnn_llm_aha/work/pinned_idma_archive/unpacked/idma_export/idma/src/backend/idma_axi_write.sv:92:11:      Example path: Qwen2SharedProductionTop.dma.bb.u_backend.i_idma_transport_layer.i_idma_axi_write.first_w
                    /home/runner/work/hetero_cnn_llm_aha/hetero_cnn_llm_aha/work/pinned_idma_archive/unpacked/idma_export/idma/src/backend/idma_axi_write.sv:141:5:      Example path: ALWAYS
                    /home/runner/work/hetero_cnn_llm_aha/hetero_cnn_llm_aha/work/pinned_idma_archive/unpacked/idma_export/idma/src/backend/idma_axi_write.sv:89:12:      Example path: Qwen2SharedProductionTop.dma.bb.u_backend.i_idma_transport_layer.i_idma_axi_write.mask_out
                    /home/runner/work/hetero_cnn_llm_aha/hetero_cnn_llm_aha/work/pinned_idma_archive/unpacked/idma_export/idma/src/backend/idma_axi_write.sv:191:9:      Example path: ALWAYS
                    /home/runner/work/hetero_cnn_llm_aha/hetero_cnn_llm_aha/work/pinned_idma_archive/unpacked/idma_export/idma/src/backend/idma_axi_write.sv:67:24:      Example path: Qwen2SharedProductionTop.dma.bb.u_backend.i_idma_transport_layer.__Vcellout__i_idma_axi_write__write_req_o
                    /home/runner/work/hetero_cnn_llm_aha/hetero_cnn_llm_aha/work/pinned_idma_archive/unpacked/idma_export/idma/src/backend/idma_channel_coupler.sv:132:5:      Example path: ALWAYS
                    /home/runner/work/hetero_cnn_llm_aha/hetero_cnn_llm_aha/work/pinned_idma_archive/unpacked/idma_export/idma/src/backend/idma_channel_coupler.sv:83:11:      Example path: Qwen2SharedProductionTop.dma.bb.u_backend.gen_r_aw_coupler.i_idma_channel_coupler.aw_sent
                    /home/runner/work/hetero_cnn_llm_aha/hetero_cnn_llm_aha/work/pinned_idma_archive/unpacked/idma_export/deps/common_cells/src/cc_fall_through_register.sv:48:10:      Example path: ASSIGNW
                    /home/runner/work/hetero_cnn_llm_aha/hetero_cnn_llm_aha/work/pinned_idma_archive/unpacked/idma_export/deps/common_cells/src/cc_fifo.sv:36:19:      Example path: Qwen2SharedProductionTop.dma.bb.u_backend.gen_r_aw_coupler.i_idma_channel_coupler.i_fall_through_register_decouple_aw_valid.__Vcellinp__i_fifo__push_i
                    /home/runner/work/hetero_cnn_llm_aha/hetero_cnn_llm_aha/work/pinned_idma_archive/unpacked/idma_export/deps/common_cells/src/cc_fifo.sv:62:29:      Example path: ASSIGNW
                    /home/runner/work/hetero_cnn_llm_aha/hetero_cnn_llm_aha/work/pinned_idma_archive/unpacked/idma_export/deps/common_cells/src/cc_fall_through_register.sv:32:13:      Example path: Qwen2SharedProductionTop.dma.bb.u_backend.gen_r_aw_coupler.i_idma_channel_coupler.i_fall_through_register_decouple_aw_valid.fifo_empty
                    /home/runner/work/hetero_cnn_llm_aha/hetero_cnn_llm_aha/work/pinned_idma_archive/unpacked/idma_export/idma/target/rtl/idma_generated.sv:8534:11:      Example path: ASSIGNW
                    /home/runner/work/hetero_cnn_llm_aha/hetero_cnn_llm_aha/work/pinned_idma_archive/unpacked/idma_export/idma/src/backend/idma_axi_write.sv:67:24:      Example path: Qwen2SharedProductionTop.dma.bb.u_backend.i_idma_transport_layer.__Vcellout__i_idma_axi_write__write_req_o
%Warning-UNOPTFLAT: /home/runner/work/hetero_cnn_llm_aha/hetero_cnn_llm_aha/work/pinned_idma_archive/unpacked/idma_export/idma/src/backend/idma_axi_read.sv:168:62: Signal unoptimizable: Circular combinational logic: '__VdfgTmp_h9d30603d__0'
  168 |     assign in_valid          = read_rsp_i.r_valid & in_ready & r_dp_ready_i;
      |                                                              ^
                    /home/runner/work/hetero_cnn_llm_aha/hetero_cnn_llm_aha/work/pinned_idma_archive/unpacked/idma_export/idma/src/backend/idma_axi_read.sv:168:62:      Example path: __VdfgTmp_h9d30603d__0
                    /home/runner/work/hetero_cnn_llm_aha/hetero_cnn_llm_aha/work/pinned_idma_archive/unpacked/idma_export/deps/common_cells/src/cc_passthrough_stream_fifo.sv:64:5:      Example path: ALWAYS
                    /home/runner/work/hetero_cnn_llm_aha/hetero_cnn_llm_aha/work/pinned_idma_archive/unpacked/idma_export/deps/common_cells/src/cc_passthrough_stream_fifo.sv:43:34:      Example path: Qwen2SharedProductionTop.dma.bb.u_backend.i_idma_transport_layer.i_dataflow_element.__Vcellout__gen_fifo_buffer[0].i_passthrough_stream_fifo__valid_o
                    /home/runner/work/hetero_cnn_llm_aha/hetero_cnn_llm_aha/work/pinned_idma_archive/unpacked/idma_export/deps/common_cells/src/cc_passthrough_stream_fifo.sv:43:34:      Example path: ASSIGNW
                    /home/runner/work/hetero_cnn_llm_aha/hetero_cnn_llm_aha/work/pinned_idma_archive/unpacked/idma_export/idma/src/backend/idma_dataflow_element.sv:30:19:      Example path: Qwen2SharedProductionTop.dma.bb.u_backend.i_idma_transport_layer.__Vcellout__i_dataflow_element__valid_o
                    /home/runner/work/hetero_cnn_llm_aha/hetero_cnn_llm_aha/work/pinned_idma_archive/unpacked/idma_export/idma/target/rtl/idma_generated.sv:303:10:      Example path: ASSIGNW
                    /home/runner/work/hetero_cnn_llm_aha/hetero_cnn_llm_aha/work/pinned_idma_archive/unpacked/idma_export/idma/src/backend/idma_axi_write.sv:78:19:      Example path: Qwen2SharedProductionTop.dma.bb.u_backend.i_idma_transport_layer.__Vcellinp__i_idma_axi_write__buffer_out_valid_i
                    /home/runner/work/hetero_cnn_llm_aha/hetero_cnn_llm_aha/work/pinned_idma_archive/unpacked/idma_export/idma/src/backend/idma_axi_write.sv:224:5:      Example path: ALWAYS
                    /home/runner/work/hetero_cnn_llm_aha/hetero_cnn_llm_aha/work/pinned_idma_archive/unpacked/idma_export/idma/src/backend/idma_axi_write.sv:92:11:      Example path: Qwen2SharedProductionTop.dma.bb.u_backend.i_idma_transport_layer.i_idma_axi_write.first_w
                    /home/runner/work/hetero_cnn_llm_aha/hetero_cnn_llm_aha/work/pinned_idma_archive/unpacked/idma_export/idma/src/backend/idma_axi_write.sv:141:5:      Example path: ALWAYS
                    /home/runner/work/hetero_cnn_llm_aha/hetero_cnn_llm_aha/work/pinned_idma_archive/unpacked/idma_export/idma/src/backend/idma_axi_write.sv:89:12:      Example path: Qwen2SharedProductionTop.dma.bb.u_backend.i_idma_transport_layer.i_idma_axi_write.mask_out
                    /home/runner/work/hetero_cnn_llm_aha/hetero_cnn_llm_aha/work/pinned_idma_archive/unpacked/idma_export/idma/src/backend/idma_axi_write.sv:191:9:      Example path: ALWAYS
                    /home/runner/work/hetero_cnn_llm_aha/hetero_cnn_llm_aha/work/pinned_idma_archive/unpacked/idma_export/idma/src/backend/idma_axi_write.sv:67:24:      Example path: Qwen2SharedProductionTop.dma.bb.u_backend.i_idma_transport_layer.__Vcellout__i_idma_axi_write__write_req_o
                    /home/runner/work/hetero_cnn_llm_aha/hetero_cnn_llm_aha/work/pinned_idma_archive/unpacked/idma_export/idma/src/backend/idma_channel_coupler.sv:132:5:      Example path: ALWAYS
                    /home/runner/work/hetero_cnn_llm_aha/hetero_cnn_llm_aha/work/pinned_idma_archive/unpacked/idma_export/idma/src/backend/idma_channel_coupler.sv:83:11:      Example path: Qwen2SharedProductionTop.dma.bb.u_backend.gen_r_aw_coupler.i_idma_channel_coupler.aw_sent
                    /home/runner/work/hetero_cnn_llm_aha/hetero_cnn_llm_aha/work/pinned_idma_archive/unpacked/idma_export/deps/common_cells/src/cc_fall_through_register.sv:48:10:      Example path: ASSIGNW
                    /home/runner/work/hetero_cnn_llm_aha/hetero_cnn_llm_aha/work/pinned_idma_archive/unpacked/idma_export/deps/common_cells/src/cc_fifo.sv:36:19:      Example path: Qwen2SharedProductionTop.dma.bb.u_backend.gen_r_aw_coupler.i_idma_channel_coupler.i_fall_through_register_decouple_aw_valid.__Vcellinp__i_fifo__push_i
                    /home/runner/work/hetero_cnn_llm_aha/hetero_cnn_llm_aha/work/pinned_idma_archive/unpacked/idma_export/deps/common_cells/src/cc_fifo.sv:62:29:      Example path: ASSIGNW
                    /home/runner/work/hetero_cnn_llm_aha/hetero_cnn_llm_aha/work/pinned_idma_archive/unpacked/idma_export/deps/common_cells/src/cc_fall_through_register.sv:32:13:      Example path: Qwen2SharedProductionTop.dma.bb.u_backend.gen_r_aw_coupler.i_idma_channel_coupler.i_fall_through_register_decouple_aw_valid.fifo_empty
                    /home/runner/work/hetero_cnn_llm_aha/hetero_cnn_llm_aha/work/pinned_idma_archive/unpacked/idma_export/idma/target/rtl/idma_generated.sv:8534:11:      Example path: ASSIGNW
                    /home/runner/work/hetero_cnn_llm_aha/hetero_cnn_llm_aha/work/pinned_idma_archive/unpacked/idma_export/idma/src/backend/idma_axi_write.sv:67:24:      Example path: Qwen2SharedProductionTop.dma.bb.u_backend.i_idma_transport_layer.__Vcellout__i_idma_axi_write__write_req_o
%Warning-UNOPTFLAT: /home/runner/work/hetero_cnn_llm_aha/hetero_cnn_llm_aha/work/pinned_idma_archive/unpacked/idma_export/idma/src/backend/idma_axi_write.sv:103:11: Signal unoptimizable: Circular combinational logic: 'Qwen2SharedProductionTop.dma.bb.u_backend.i_idma_transport_layer.i_idma_axi_write.write_happening'
  103 |     logic write_happening;
      |           ^~~~~~~~~~~~~~~
                    /home/runner/work/hetero_cnn_llm_aha/hetero_cnn_llm_aha/work/pinned_idma_archive/unpacked/idma_export/idma/src/backend/idma_axi_write.sv:103:11:      Example path: Qwen2SharedProductionTop.dma.bb.u_backend.i_idma_transport_layer.i_idma_axi_write.write_happening
                    /home/runner/work/hetero_cnn_llm_aha/hetero_cnn_llm_aha/work/pinned_idma_archive/unpacked/idma_export/idma/src/backend/idma_axi_write.sv:224:5:      Example path: ALWAYS
                    /home/runner/work/hetero_cnn_llm_aha/hetero_cnn_llm_aha/work/pinned_idma_archive/unpacked/idma_export/idma/src/backend/idma_axi_write.sv:92:11:      Example path: Qwen2SharedProductionTop.dma.bb.u_backend.i_idma_transport_layer.i_idma_axi_write.first_w
                    /home/runner/work/hetero_cnn_llm_aha/hetero_cnn_llm_aha/work/pinned_idma_archive/unpacked/idma_export/idma/src/backend/idma_axi_write.sv:141:5:      Example path: ALWAYS
                    /home/runner/work/hetero_cnn_llm_aha/hetero_cnn_llm_aha/work/pinned_idma_archive/unpacked/idma_export/idma/src/backend/idma_axi_write.sv:89:12:      Example path: Qwen2SharedProductionTop.dma.bb.u_backend.i_idma_transport_layer.i_idma_axi_write.mask_out
                    /home/runner/work/hetero_cnn_llm_aha/hetero_cnn_llm_aha/work/pinned_idma_archive/unpacked/idma_export/idma/src/backend/idma_axi_write.sv:191:9:      Example path: ALWAYS
                    /home/runner/work/hetero_cnn_llm_aha/hetero_cnn_llm_aha/work/pinned_idma_archive/unpacked/idma_export/idma/src/backend/idma_axi_write.sv:67:24:      Example path: Qwen2SharedProductionTop.dma.bb.u_backend.i_idma_transport_layer.__Vcellout__i_idma_axi_write__write_req_o
                    /home/runner/work/hetero_cnn_llm_aha/hetero_cnn_llm_aha/work/pinned_idma_archive/unpacked/idma_export/idma/src/backend/idma_channel_coupler.sv:132:5:      Example path: ALWAYS
                    /home/runner/work/hetero_cnn_llm_aha/hetero_cnn_llm_aha/work/pinned_idma_archive/unpacked/idma_export/idma/src/backend/idma_channel_coupler.sv:83:11:      Example path: Qwen2SharedProductionTop.dma.bb.u_backend.gen_r_aw_coupler.i_idma_channel_coupler.aw_sent
                    /home/runner/work/hetero_cnn_llm_aha/hetero_cnn_llm_aha/work/pinned_idma_archive/unpacked/idma_export/deps/common_cells/src/cc_fall_through_register.sv:48:10:      Example path: ASSIGNW
                    /home/runner/work/hetero_cnn_llm_aha/hetero_cnn_llm_aha/work/pinned_idma_archive/unpacked/idma_export/deps/common_cells/src/cc_fifo.sv:36:19:      Example path: Qwen2SharedProductionTop.dma.bb.u_backend.gen_r_aw_coupler.i_idma_channel_coupler.i_fall_through_register_decouple_aw_valid.__Vcellinp__i_fifo__push_i
                    /home/runner/work/hetero_cnn_llm_aha/hetero_cnn_llm_aha/work/pinned_idma_archive/unpacked/idma_export/deps/common_cells/src/cc_fifo.sv:62:29:      Example path: ASSIGNW
                    /home/runner/work/hetero_cnn_llm_aha/hetero_cnn_llm_aha/work/pinned_idma_archive/unpacked/idma_export/deps/common_cells/src/cc_fall_through_register.sv:32:13:      Example path: Qwen2SharedProductionTop.dma.bb.u_backend.gen_r_aw_coupler.i_idma_channel_coupler.i_fall_through_register_decouple_aw_valid.fifo_empty
                    /home/runner/work/hetero_cnn_llm_aha/hetero_cnn_llm_aha/work/pinned_idma_archive/unpacked/idma_export/idma/target/rtl/idma_generated.sv:8534:11:      Example path: ASSIGNW
                    /home/runner/work/hetero_cnn_llm_aha/hetero_cnn_llm_aha/work/pinned_idma_archive/unpacked/idma_export/idma/src/backend/idma_axi_write.sv:67:24:      Example path: Qwen2SharedProductionTop.dma.bb.u_backend.i_idma_transport_layer.__Vcellout__i_idma_axi_write__write_req_o
%Warning-UNOPTFLAT: /home/runner/work/hetero_cnn_llm_aha/hetero_cnn_llm_aha/work/pinned_idma_archive/unpacked/idma_export/deps/common_cells/src/cc_fall_through_register.sv:32:13: Signal unoptimizable: Circular combinational logic: 'Qwen2SharedProductionTop.dma.bb.u_backend.gen_r_aw_coupler.i_idma_channel_coupler.i_fall_through_register_decouple_aw_valid.fifo_empty'
   32 |     logic   fifo_empty,
      |             ^~~~~~~~~~
                    /home/runner/work/hetero_cnn_llm_aha/hetero_cnn_llm_aha/work/pinned_idma_archive/unpacked/idma_export/deps/common_cells/src/cc_fall_through_register.sv:32:13:      Example path: Qwen2SharedProductionTop.dma.bb.u_backend.gen_r_aw_coupler.i_idma_channel_coupler.i_fall_through_register_decouple_aw_valid.fifo_empty
                    /home/runner/work/hetero_cnn_llm_aha/hetero_cnn_llm_aha/work/pinned_idma_archive/unpacked/idma_export/idma/target/rtl/idma_generated.sv:8534:11:      Example path: ASSIGNW
                    /home/runner/work/hetero_cnn_llm_aha/hetero_cnn_llm_aha/work/pinned_idma_archive/unpacked/idma_export/idma/src/backend/idma_axi_write.sv:67:24:      Example path: Qwen2SharedProductionTop.dma.bb.u_backend.i_idma_transport_layer.__Vcellout__i_idma_axi_write__write_req_o
                    /home/runner/work/hetero_cnn_llm_aha/hetero_cnn_llm_aha/work/pinned_idma_archive/unpacked/idma_export/idma/src/backend/idma_channel_coupler.sv:132:5:      Example path: ALWAYS
                    /home/runner/work/hetero_cnn_llm_aha/hetero_cnn_llm_aha/work/pinned_idma_archive/unpacked/idma_export/idma/src/backend/idma_channel_coupler.sv:83:11:      Example path: Qwen2SharedProductionTop.dma.bb.u_backend.gen_r_aw_coupler.i_idma_channel_coupler.aw_sent
                    /home/runner/work/hetero_cnn_llm_aha/hetero_cnn_llm_aha/work/pinned_idma_archive/unpacked/idma_export/deps/common_cells/src/cc_fall_through_register.sv:48:10:      Example path: ASSIGNW
                    /home/runner/work/hetero_cnn_llm_aha/hetero_cnn_llm_aha/work/pinned_idma_archive/unpacked/idma_export/deps/common_cells/src/cc_fifo.sv:36:19:      Example path: Qwen2SharedProductionTop.dma.bb.u_backend.gen_r_aw_coupler.i_idma_channel_coupler.i_fall_through_register_decouple_aw_valid.__Vcellinp__i_fifo__push_i
                    /home/runner/work/hetero_cnn_llm_aha/hetero_cnn_llm_aha/work/pinned_idma_archive/unpacked/idma_export/deps/common_cells/src/cc_fifo.sv:62:29:      Example path: ASSIGNW
                    /home/runner/work/hetero_cnn_llm_aha/hetero_cnn_llm_aha/work/pinned_idma_archive/unpacked/idma_export/deps/common_cells/src/cc_fall_through_register.sv:32:13:      Example path: Qwen2SharedProductionTop.dma.bb.u_backend.gen_r_aw_coupler.i_idma_channel_coupler.i_fall_through_register_decouple_aw_valid.fifo_empty
g++ -O3  -I.  -MMD -I/home/runner/work/hetero_cnn_llm_aha/hetero_cnn_llm_aha/work/host_command_acceptance/verilator-runtime/include -I/home/runner/work/hetero_cnn_llm_aha/hetero_cnn_llm_aha/work/host_command_acceptance/verilator-runtime/include/vltstd -DVM_COVERAGE=0 -DVM_SC=0 -DVM_TRACE=0 -DVM_TRACE_FST=0 -DVM_TRACE_VCD=0 -faligned-new -fcf-protection=none -Wno-bool-operation -Wno-overloaded-virtual -Wno-shadow -Wno-sign-compare -Wno-uninitialized -Wno-unused-but-set-parameter -Wno-unused-but-set-variable -Wno-unused-parameter -Wno-unused-variable     -fPIC -O3 -std=c++17 -ffp-contract=off -fno-fast-math -DBLOCK_COMMON -DBLOCK_AXI -DBLOCK_IDMA -I/home/runner/work/hetero_cnn_llm_aha/hetero_cnn_llm_aha/work/host_command_acceptance/real16/generated -I/home/runner/work/hetero_cnn_llm_aha/hetero_cnn_llm_aha/chisel/continuous_prefill/tests    -c -o Vbf16_context_lane_cluster16_rev8b_b_candidate_idma_reg64_2d_reg_pkg__DepSet_h80448f65__0.o Vbf16_context_lane_cluster16_rev8b_b_candidate_idma_reg64_2d_reg_pkg__DepSet_h80448f65__0.cpp
g++ -O3  -I.  -MMD -I/home/runner/work/hetero_cnn_llm_aha/hetero_cnn_llm_aha/work/host_command_acceptance/verilator-runtime/include -I/home/runner/work/hetero_cnn_llm_aha/hetero_cnn_llm_aha/work/host_command_acceptance/verilator-runtime/include/vltstd -DVM_COVERAGE=0 -DVM_SC=0 -DVM_TRACE=0 -DVM_TRACE_FST=0 -DVM_TRACE_VCD=0 -faligned-new -fcf-protection=none -Wno-bool-operation -Wno-overloaded-virtual -Wno-shadow -Wno-sign-compare -Wno-uninitialized -Wno-unused-but-set-parameter -Wno-unused-but-set-variable -Wno-unused-parameter -Wno-unused-variable     -fPIC -O3 -std=c++17 -ffp-contract=off -fno-fast-math -DBLOCK_COMMON -DBLOCK_AXI -DBLOCK_IDMA -I/home/runner/work/hetero_cnn_llm_aha/hetero_cnn_llm_aha/work/host_command_acceptance/real16/generated -I/home/runner/work/hetero_cnn_llm_aha/hetero_cnn_llm_aha/chisel/continuous_prefill/tests    -c -o Vbf16_context_lane_cluster16_rev8b_b_candidate_idma_reg64_1d_reg_pkg__DepSet_hf55d458a__0.o Vbf16_context_lane_cluster16_rev8b_b_candidate_idma_reg64_1d_reg_pkg__DepSet_hf55d458a__0.cpp
g++ -O3  -I.  -MMD -I/home/runner/work/hetero_cnn_llm_aha/hetero_cnn_llm_aha/work/host_command_acceptance/verilator-runtime/include -I/home/runner/work/hetero_cnn_llm_aha/hetero_cnn_llm_aha/work/host_command_acceptance/verilator-runtime/include/vltstd -DVM_COVERAGE=0 -DVM_SC=0 -DVM_TRACE=0 -DVM_TRACE_FST=0 -DVM_TRACE_VCD=0 -faligned-new -fcf-protection=none -Wno-bool-operation -Wno-overloaded-virtual -Wno-shadow -Wno-sign-compare -Wno-uninitialized -Wno-unused-but-set-parameter -Wno-unused-but-set-variable -Wno-unused-parameter -Wno-unused-variable     -fPIC -O3 -std=c++17 -ffp-contract=off -fno-fast-math -DBLOCK_COMMON -DBLOCK_AXI -DBLOCK_IDMA -I/home/runner/work/hetero_cnn_llm_aha/hetero_cnn_llm_aha/work/host_command_acceptance/real16/generated -I/home/runner/work/hetero_cnn_llm_aha/hetero_cnn_llm_aha/chisel/continuous_prefill/tests    -c -o Vbf16_context_lane_cluster16_rev8b_b_candidate_idma_desc64_reg_pkg__DepSet_h86c206b3__0.o Vbf16_context_lane_cluster16_rev8b_b_candidate_idma_desc64_reg_pkg__DepSet_h86c206b3__0.cpp
g++   -I.  -MMD -I/home/runner/work/hetero_cnn_llm_aha/hetero_cnn_llm_aha/work/host_command_acceptance/verilator-runtime/include -I/home/runner/work/hetero_cnn_llm_aha/hetero_cnn_llm_aha/work/host_command_acceptance/verilator-runtime/include/vltstd -DVM_COVERAGE=0 -DVM_SC=0 -DVM_TRACE=0 -DVM_TRACE_FST=0 -DVM_TRACE_VCD=0 -faligned-new -fcf-protection=none -Wno-bool-operation -Wno-overloaded-virtual -Wno-shadow -Wno-sign-compare -Wno-uninitialized -Wno-unused-but-set-parameter -Wno-unused-but-set-variable -Wno-unused-parameter -Wno-unused-variable     -fPIC -O3 -std=c++17 -ffp-contract=off -fno-fast-math -DBLOCK_COMMON -DBLOCK_AXI -DBLOCK_IDMA -I/home/runner/work/hetero_cnn_llm_aha/hetero_cnn_llm_aha/work/host_command_acceptance/real16/generated -I/home/runner/work/hetero_cnn_llm_aha/hetero_cnn_llm_aha/chisel/continuous_prefill/tests    -c -o Vbf16_context_lane_cluster16_rev8b_b_candidate___024root__Slow.o Vbf16_context_lane_cluster16_rev8b_b_candidate___024root__Slow.cpp
g++   -I.  -MMD -I/home/runner/work/hetero_cnn_llm_aha/hetero_cnn_llm_aha/work/host_command_acceptance/verilator-runtime/include -I/home/runner/work/hetero_cnn_llm_aha/hetero_cnn_llm_aha/work/host_command_acceptance/verilator-runtime/include/vltstd -DVM_COVERAGE=0 -DVM_SC=0 -DVM_TRACE=0 -DVM_TRACE_FST=0 -DVM_TRACE_VCD=0 -faligned-new -fcf-protection=none -Wno-bool-operation -Wno-overloaded-virtual -Wno-shadow -Wno-sign-compare -Wno-uninitialized -Wno-unused-but-set-parameter -Wno-unused-but-set-variable -Wno-unused-parameter -Wno-unused-variable     -fPIC -O3 -std=c++17 -ffp-contract=off -fno-fast-math -DBLOCK_COMMON -DBLOCK_AXI -DBLOCK_IDMA -I/home/runner/work/hetero_cnn_llm_aha/hetero_cnn_llm_aha/work/host_command_acceptance/real16/generated -I/home/runner/work/hetero_cnn_llm_aha/hetero_cnn_llm_aha/chisel/continuous_prefill/tests    -c -o Vbf16_context_lane_cluster16_rev8b_b_candidate___024root__DepSet_h6ee09ac0__0__Slow.o Vbf16_context_lane_cluster16_rev8b_b_candidate___024root__DepSet_h6ee09ac0__0__Slow.cpp
g++   -I.  -MMD -I/home/runner/work/hetero_cnn_llm_aha/hetero_cnn_llm_aha/work/host_command_acceptance/verilator-runtime/include -I/home/runner/work/hetero_cnn_llm_aha/hetero_cnn_llm_aha/work/host_command_acceptance/verilator-runtime/include/vltstd -DVM_COVERAGE=0 -DVM_SC=0 -DVM_TRACE=0 -DVM_TRACE_FST=0 -DVM_TRACE_VCD=0 -faligned-new -fcf-protection=none -Wno-bool-operation -Wno-overloaded-virtual -Wno-shadow -Wno-sign-compare -Wno-uninitialized -Wno-unused-but-set-parameter -Wno-unused-but-set-variable -Wno-unused-parameter -Wno-unused-variable     -fPIC -O3 -std=c++17 -ffp-contract=off -fno-fast-math -DBLOCK_COMMON -DBLOCK_AXI -DBLOCK_IDMA -I/home/runner/work/hetero_cnn_llm_aha/hetero_cnn_llm_aha/work/host_command_acceptance/real16/generated -I/home/runner/work/hetero_cnn_llm_aha/hetero_cnn_llm_aha/chisel/continuous_prefill/tests    -c -o Vbf16_context_lane_cluster16_rev8b_b_candidate___024root__DepSet_h93b2fa63__0__Slow.o Vbf16_context_lane_cluster16_rev8b_b_candidate___024root__DepSet_h93b2fa63__0__Slow.cpp
g++   -I.  -MMD -I/home/runner/work/hetero_cnn_llm_aha/hetero_cnn_llm_aha/work/host_command_acceptance/verilator-runtime/include -I/home/runner/work/hetero_cnn_llm_aha/hetero_cnn_llm_aha/work/host_command_acceptance/verilator-runtime/include/vltstd -DVM_COVERAGE=0 -DVM_SC=0 -DVM_TRACE=0 -DVM_TRACE_FST=0 -DVM_TRACE_VCD=0 -faligned-new -fcf-protection=none -Wno-bool-operation -Wno-overloaded-virtual -Wno-shadow -Wno-sign-compare -Wno-uninitialized -Wno-unused-but-set-parameter -Wno-unused-but-set-variable -Wno-unused-parameter -Wno-unused-variable     -fPIC -O3 -std=c++17 -ffp-contract=off -fno-fast-math -DBLOCK_COMMON -DBLOCK_AXI -DBLOCK_IDMA -I/home/runner/work/hetero_cnn_llm_aha/hetero_cnn_llm_aha/work/host_command_acceptance/real16/generated -I/home/runner/work/hetero_cnn_llm_aha/hetero_cnn_llm_aha/chisel/continuous_prefill/tests    -c -o Vbf16_context_lane_cluster16_rev8b_b_candidate_bf16_context_fma_pipeline_lane5_rev8b_b_candidate__Slow.o Vbf16_context_lane_cluster16_rev8b_b_candidate_bf16_context_fma_pipeline_lane5_rev8b_b_candidate__Slow.cpp
g++   -I.  -MMD -I/home/runner/work/hetero_cnn_llm_aha/hetero_cnn_llm_aha/work/host_command_acceptance/verilator-runtime/include -I/home/runner/work/hetero_cnn_llm_aha/hetero_cnn_llm_aha/work/host_command_acceptance/verilator-runtime/include/vltstd -DVM_COVERAGE=0 -DVM_SC=0 -DVM_TRACE=0 -DVM_TRACE_FST=0 -DVM_TRACE_VCD=0 -faligned-new -fcf-protection=none -Wno-bool-operation -Wno-overloaded-virtual -Wno-shadow -Wno-sign-compare -Wno-uninitialized -Wno-unused-but-set-parameter -Wno-unused-but-set-variable -Wno-unused-parameter -Wno-unused-variable     -fPIC -O3 -std=c++17 -ffp-contract=off -fno-fast-math -DBLOCK_COMMON -DBLOCK_AXI -DBLOCK_IDMA -I/home/runner/work/hetero_cnn_llm_aha/hetero_cnn_llm_aha/work/host_command_acceptance/real16/generated -I/home/runner/work/hetero_cnn_llm_aha/hetero_cnn_llm_aha/chisel/continuous_prefill/tests    -c -o Vbf16_context_lane_cluster16_rev8b_b_candidate_bf16_context_fma_pipeline_lane5_rev8b_b_candidate__DepSet_h80feab54__0__Slow.o Vbf16_context_lane_cluster16_rev8b_b_candidate_bf16_context_fma_pipeline_lane5_rev8b_b_candidate__DepSet_h80feab54__0__Slow.cpp
make[1]: Leaving directory '/home/runner/work/hetero_cnn_llm_aha/hetero_cnn_llm_aha'
g++   -I.  -MMD -I/home/runner/work/hetero_cnn_llm_aha/hetero_cnn_llm_aha/work/host_command_acceptance/verilator-runtime/include -I/home/runner/work/hetero_cnn_llm_aha/hetero_cnn_llm_aha/work/host_command_acceptance/verilator-runtime/include/vltstd -DVM_COVERAGE=0 -DVM_SC=0 -DVM_TRACE=0 -DVM_TRACE_FST=0 -DVM_TRACE_VCD=0 -faligned-new -fcf-protection=none -Wno-bool-operation -Wno-overloaded-virtual -Wno-shadow -Wno-sign-compare -Wno-uninitialized -Wno-unused-but-set-parameter -Wno-unused-but-set-variable -Wno-unused-parameter -Wno-unused-variable     -fPIC -O3 -std=c++17 -ffp-contract=off -fno-fast-math -DBLOCK_COMMON -DBLOCK_AXI -DBLOCK_IDMA -I/home/runner/work/hetero_cnn_llm_aha/hetero_cnn_llm_aha/work/host_command_acceptance/real16/generated -I/home/runner/work/hetero_cnn_llm_aha/hetero_cnn_llm_aha/chisel/continuous_prefill/tests    -c -o Vbf16_context_lane_cluster16_rev8b_b_candidate_idma_reg32_3d_reg_pkg__Slow.o Vbf16_context_lane_cluster16_rev8b_b_candidate_idma_reg32_3d_reg_pkg__Slow.cpp
g++   -I.  -MMD -I/home/runner/work/hetero_cnn_llm_aha/hetero_cnn_llm_aha/work/host_command_acceptance/verilator-runtime/include -I/home/runner/work/hetero_cnn_llm_aha/hetero_cnn_llm_aha/work/host_command_acceptance/verilator-runtime/include/vltstd -DVM_COVERAGE=0 -DVM_SC=0 -DVM_TRACE=0 -DVM_TRACE_FST=0 -DVM_TRACE_VCD=0 -faligned-new -fcf-protection=none -Wno-bool-operation -Wno-overloaded-virtual -Wno-shadow -Wno-sign-compare -Wno-uninitialized -Wno-unused-but-set-parameter -Wno-unused-but-set-variable -Wno-unused-parameter -Wno-unused-variable     -fPIC -O3 -std=c++17 -ffp-contract=off -fno-fast-math -DBLOCK_COMMON -DBLOCK_AXI -DBLOCK_IDMA -I/home/runner/work/hetero_cnn_llm_aha/hetero_cnn_llm_aha/work/host_command_acceptance/real16/generated -I/home/runner/work/hetero_cnn_llm_aha/hetero_cnn_llm_aha/chisel/continuous_prefill/tests    -c -o Vbf16_context_lane_cluster16_rev8b_b_candidate_idma_reg32_3d_reg_pkg__DepSet_hfe9aa73d__0__Slow.o Vbf16_context_lane_cluster16_rev8b_b_candidate_idma_reg32_3d_reg_pkg__DepSet_hfe9aa73d__0__Slow.cpp
g++   -I.  -MMD -I/home/runner/work/hetero_cnn_llm_aha/hetero_cnn_llm_aha/work/host_command_acceptance/verilator-runtime/include -I/home/runner/work/hetero_cnn_llm_aha/hetero_cnn_llm_aha/work/host_command_acceptance/verilator-runtime/include/vltstd -DVM_COVERAGE=0 -DVM_SC=0 -DVM_TRACE=0 -DVM_TRACE_FST=0 -DVM_TRACE_VCD=0 -faligned-new -fcf-protection=none -Wno-bool-operation -Wno-overloaded-virtual -Wno-shadow -Wno-sign-compare -Wno-uninitialized -Wno-unused-but-set-parameter -Wno-unused-but-set-variable -Wno-unused-parameter -Wno-unused-variable     -fPIC -O3 -std=c++17 -ffp-contract=off -fno-fast-math -DBLOCK_COMMON -DBLOCK_AXI -DBLOCK_IDMA -I/home/runner/work/hetero_cnn_llm_aha/hetero_cnn_llm_aha/work/host_command_acceptance/real16/generated -I/home/runner/work/hetero_cnn_llm_aha/hetero_cnn_llm_aha/chisel/continuous_prefill/tests    -c -o Vbf16_context_lane_cluster16_rev8b_b_candidate_idma_reg64_2d_reg_pkg__Slow.o Vbf16_context_lane_cluster16_rev8b_b_candidate_idma_reg64_2d_reg_pkg__Slow.cpp
g++   -I.  -MMD -I/home/runner/work/hetero_cnn_llm_aha/hetero_cnn_llm_aha/work/host_command_acceptance/verilator-runtime/include -I/home/runner/work/hetero_cnn_llm_aha/hetero_cnn_llm_aha/work/host_command_acceptance/verilator-runtime/include/vltstd -DVM_COVERAGE=0 -DVM_SC=0 -DVM_TRACE=0 -DVM_TRACE_FST=0 -DVM_TRACE_VCD=0 -faligned-new -fcf-protection=none -Wno-bool-operation -Wno-overloaded-virtual -Wno-shadow -Wno-sign-compare -Wno-uninitialized -Wno-unused-but-set-parameter -Wno-unused-but-set-variable -Wno-unused-parameter -Wno-unused-variable     -fPIC -O3 -std=c++17 -ffp-contract=off -fno-fast-math -DBLOCK_COMMON -DBLOCK_AXI -DBLOCK_IDMA -I/home/runner/work/hetero_cnn_llm_aha/hetero_cnn_llm_aha/work/host_command_acceptance/real16/generated -I/home/runner/work/hetero_cnn_llm_aha/hetero_cnn_llm_aha/chisel/continuous_prefill/tests    -c -o Vbf16_context_lane_cluster16_rev8b_b_candidate_idma_reg64_2d_reg_pkg__DepSet_h80448f65__0__Slow.o Vbf16_context_lane_cluster16_rev8b_b_candidate_idma_reg64_2d_reg_pkg__DepSet_h80448f65__0__Slow.cpp
g++   -I.  -MMD -I/home/runner/work/hetero_cnn_llm_aha/hetero_cnn_llm_aha/work/host_command_acceptance/verilator-runtime/include -I/home/runner/work/hetero_cnn_llm_aha/hetero_cnn_llm_aha/work/host_command_acceptance/verilator-runtime/include/vltstd -DVM_COVERAGE=0 -DVM_SC=0 -DVM_TRACE=0 -DVM_TRACE_FST=0 -DVM_TRACE_VCD=0 -faligned-new -fcf-protection=none -Wno-bool-operation -Wno-overloaded-virtual -Wno-shadow -Wno-sign-compare -Wno-uninitialized -Wno-unused-but-set-parameter -Wno-unused-but-set-variable -Wno-unused-parameter -Wno-unused-variable     -fPIC -O3 -std=c++17 -ffp-contract=off -fno-fast-math -DBLOCK_COMMON -DBLOCK_AXI -DBLOCK_IDMA -I/home/runner/work/hetero_cnn_llm_aha/hetero_cnn_llm_aha/work/host_command_acceptance/real16/generated -I/home/runner/work/hetero_cnn_llm_aha/hetero_cnn_llm_aha/chisel/continuous_prefill/tests    -c -o Vbf16_context_lane_cluster16_rev8b_b_candidate_idma_reg64_1d_reg_pkg__Slow.o Vbf16_context_lane_cluster16_rev8b_b_candidate_idma_reg64_1d_reg_pkg__Slow.cpp
g++   -I.  -MMD -I/home/runner/work/hetero_cnn_llm_aha/hetero_cnn_llm_aha/work/host_command_acceptance/verilator-runtime/include -I/home/runner/work/hetero_cnn_llm_aha/hetero_cnn_llm_aha/work/host_command_acceptance/verilator-runtime/include/vltstd -DVM_COVERAGE=0 -DVM_SC=0 -DVM_TRACE=0 -DVM_TRACE_FST=0 -DVM_TRACE_VCD=0 -faligned-new -fcf-protection=none -Wno-bool-operation -Wno-overloaded-virtual -Wno-shadow -Wno-sign-compare -Wno-uninitialized -Wno-unused-but-set-parameter -Wno-unused-but-set-variable -Wno-unused-parameter -Wno-unused-variable     -fPIC -O3 -std=c++17 -ffp-contract=off -fno-fast-math -DBLOCK_COMMON -DBLOCK_AXI -DBLOCK_IDMA -I/home/runner/work/hetero_cnn_llm_aha/hetero_cnn_llm_aha/work/host_command_acceptance/real16/generated -I/home/runner/work/hetero_cnn_llm_aha/hetero_cnn_llm_aha/chisel/continuous_prefill/tests    -c -o Vbf16_context_lane_cluster16_rev8b_b_candidate_idma_reg64_1d_reg_pkg__DepSet_hf55d458a__0__Slow.o Vbf16_context_lane_cluster16_rev8b_b_candidate_idma_reg64_1d_reg_pkg__DepSet_hf55d458a__0__Slow.cpp
g++   -I.  -MMD -I/home/runner/work/hetero_cnn_llm_aha/hetero_cnn_llm_aha/work/host_command_acceptance/verilator-runtime/include -I/home/runner/work/hetero_cnn_llm_aha/hetero_cnn_llm_aha/work/host_command_acceptance/verilator-runtime/include/vltstd -DVM_COVERAGE=0 -DVM_SC=0 -DVM_TRACE=0 -DVM_TRACE_FST=0 -DVM_TRACE_VCD=0 -faligned-new -fcf-protection=none -Wno-bool-operation -Wno-overloaded-virtual -Wno-shadow -Wno-sign-compare -Wno-uninitialized -Wno-unused-but-set-parameter -Wno-unused-but-set-variable -Wno-unused-parameter -Wno-unused-variable     -fPIC -O3 -std=c++17 -ffp-contract=off -fno-fast-math -DBLOCK_COMMON -DBLOCK_AXI -DBLOCK_IDMA -I/home/runner/work/hetero_cnn_llm_aha/hetero_cnn_llm_aha/work/host_command_acceptance/real16/generated -I/home/runner/work/hetero_cnn_llm_aha/hetero_cnn_llm_aha/chisel/continuous_prefill/tests    -c -o Vbf16_context_lane_cluster16_rev8b_b_candidate_idma_desc64_reg_pkg__Slow.o Vbf16_context_lane_cluster16_rev8b_b_candidate_idma_desc64_reg_pkg__Slow.cpp
g++   -I.  -MMD -I/home/runner/work/hetero_cnn_llm_aha/hetero_cnn_llm_aha/work/host_command_acceptance/verilator-runtime/include -I/home/runner/work/hetero_cnn_llm_aha/hetero_cnn_llm_aha/work/host_command_acceptance/verilator-runtime/include/vltstd -DVM_COVERAGE=0 -DVM_SC=0 -DVM_TRACE=0 -DVM_TRACE_FST=0 -DVM_TRACE_VCD=0 -faligned-new -fcf-protection=none -Wno-bool-operation -Wno-overloaded-virtual -Wno-shadow -Wno-sign-compare -Wno-uninitialized -Wno-unused-but-set-parameter -Wno-unused-but-set-variable -Wno-unused-parameter -Wno-unused-variable     -fPIC -O3 -std=c++17 -ffp-contract=off -fno-fast-math -DBLOCK_COMMON -DBLOCK_AXI -DBLOCK_IDMA -I/home/runner/work/hetero_cnn_llm_aha/hetero_cnn_llm_aha/work/host_command_acceptance/real16/generated -I/home/runner/work/hetero_cnn_llm_aha/hetero_cnn_llm_aha/chisel/continuous_prefill/tests    -c -o Vbf16_context_lane_cluster16_rev8b_b_candidate_idma_desc64_reg_pkg__DepSet_h86c206b3__0__Slow.o Vbf16_context_lane_cluster16_rev8b_b_candidate_idma_desc64_reg_pkg__DepSet_h86c206b3__0__Slow.cpp
g++   -I.  -MMD -I/home/runner/work/hetero_cnn_llm_aha/hetero_cnn_llm_aha/work/host_command_acceptance/verilator-runtime/include -I/home/runner/work/hetero_cnn_llm_aha/hetero_cnn_llm_aha/work/host_command_acceptance/verilator-runtime/include/vltstd -DVM_COVERAGE=0 -DVM_SC=0 -DVM_TRACE=0 -DVM_TRACE_FST=0 -DVM_TRACE_VCD=0 -faligned-new -fcf-protection=none -Wno-bool-operation -Wno-overloaded-virtual -Wno-shadow -Wno-sign-compare -Wno-uninitialized -Wno-unused-but-set-parameter -Wno-unused-but-set-variable -Wno-unused-parameter -Wno-unused-variable     -fPIC -O3 -std=c++17 -ffp-contract=off -fno-fast-math -DBLOCK_COMMON -DBLOCK_AXI -DBLOCK_IDMA -I/home/runner/work/hetero_cnn_llm_aha/hetero_cnn_llm_aha/work/host_command_acceptance/real16/generated -I/home/runner/work/hetero_cnn_llm_aha/hetero_cnn_llm_aha/chisel/continuous_prefill/tests    -c -o Vbf16_context_lane_cluster16_rev8b_b_candidate__Syms.o Vbf16_context_lane_cluster16_rev8b_b_candidate__Syms.cpp
Archive ar -rcs libbf16_context_lane_cluster16_rev8b_b_candidate.a Vbf16_context_lane_cluster16_rev8b_b_candidate.o Vbf16_context_lane_cluster16_rev8b_b_candidate___024root__DepSet_h6ee09ac0__0.o Vbf16_context_lane_cluster16_rev8b_b_candidate___024root__DepSet_h93b2fa63__0.o Vbf16_context_lane_cluster16_rev8b_b_candidate_bf16_context_fma_pipeline_lane5_rev8b_b_candidate__DepSet_h83af4dd3__0.o Vbf16_context_lane_cluster16_rev8b_b_candidate_bf16_context_fma_pipeline_lane5_rev8b_b_candidate__DepSet_h83af4dd3__1.o Vbf16_context_lane_cluster16_rev8b_b_candidate_bf16_context_fma_pipeline_lane5_rev8b_b_candidate__DepSet_h83af4dd3__2.o Vbf16_context_lane_cluster16_rev8b_b_candidate_bf16_context_fma_pipeline_lane5_rev8b_b_candidate__DepSet_h83af4dd3__3.o Vbf16_context_lane_cluster16_rev8b_b_candidate_idma_reg32_3d_reg_pkg__DepSet_hfe9aa73d__0.o Vbf16_context_lane_cluster16_rev8b_b_candidate_idma_reg64_2d_reg_pkg__DepSet_h80448f65__0.o Vbf16_context_lane_cluster16_rev8b_b_candidate_idma_reg64_1d_reg_pkg__DepSet_hf55d458a__0.o Vbf16_context_lane_cluster16_rev8b_b_candidate_idma_desc64_reg_pkg__DepSet_h86c206b3__0.o Vbf16_context_lane_cluster16_rev8b_b_candidate___024root__Slow.o Vbf16_context_lane_cluster16_rev8b_b_candidate___024root__DepSet_h6ee09ac0__0__Slow.o Vbf16_context_lane_cluster16_rev8b_b_candidate___024root__DepSet_h93b2fa63__0__Slow.o Vbf16_context_lane_cluster16_rev8b_b_candidate_bf16_context_fma_pipeline_lane5_rev8b_b_candidate__Slow.o Vbf16_context_lane_cluster16_rev8b_b_candidate_bf16_context_fma_pipeline_lane5_rev8b_b_candidate__DepSet_h80feab54__0__Slow.o Vbf16_context_lane_cluster16_rev8b_b_candidate_idma_reg32_3d_reg_pkg__Slow.o Vbf16_context_lane_cluster16_rev8b_b_candidate_idma_reg32_3d_reg_pkg__DepSet_hfe9aa73d__0__Slow.o Vbf16_context_lane_cluster16_rev8b_b_candidate_idma_reg64_2d_reg_pkg__Slow.o Vbf16_context_lane_cluster16_rev8b_b_candidate_idma_reg64_2d_reg_pkg__DepSet_h80448f65__0__Slow.o Vbf16_context_lane_cluster16_rev8b_b_candidate_idma_reg64_1d_reg_pkg__Slow.o Vbf16_context_lane_cluster16_rev8b_b_candidate_idma_reg64_1d_reg_pkg__DepSet_hf55d458a__0__Slow.o Vbf16_context_lane_cluster16_rev8b_b_candidate_idma_desc64_reg_pkg__Slow.o Vbf16_context_lane_cluster16_rev8b_b_candidate_idma_desc64_reg_pkg__DepSet_h86c206b3__0__Slow.o Vbf16_context_lane_cluster16_rev8b_b_candidate__Syms.o bf16_context_lane_cluster16_rev8b_b_candidate.o
rm libbf16_context_lane_cluster16_rev8b_b_candidate.verilator_deplist.tmp
make[1]: Leaving directory '/home/runner/work/hetero_cnn_llm_aha/hetero_cnn_llm_aha/work/host_command_acceptance/real16/obj/Vbf16_context_lane_cluster16_rev8b_b_candidate'
make -f VQwen2SharedProductionTop.mk
make[1]: Entering directory '/home/runner/work/hetero_cnn_llm_aha/hetero_cnn_llm_aha/work/host_command_acceptance/real16/obj'
g++  -I.  -MMD -I/home/runner/work/hetero_cnn_llm_aha/hetero_cnn_llm_aha/work/host_command_acceptance/verilator-runtime/include -I/home/runner/work/hetero_cnn_llm_aha/hetero_cnn_llm_aha/work/host_command_acceptance/verilator-runtime/include/vltstd -DVM_COVERAGE=0 -DVM_SC=0 -DVM_TRACE=0 -DVM_TRACE_FST=0 -DVM_TRACE_VCD=0 -faligned-new -fcf-protection=none -Wno-bool-operation -Wno-overloaded-virtual -Wno-shadow -Wno-sign-compare -Wno-uninitialized -Wno-unused-but-set-parameter -Wno-unused-but-set-variable -Wno-unused-parameter -Wno-unused-variable     -O3 -std=c++17 -ffp-contract=off -fno-fast-math -DBLOCK_COMMON -DBLOCK_AXI -DBLOCK_IDMA -I/home/runner/work/hetero_cnn_llm_aha/hetero_cnn_llm_aha/work/host_command_acceptance/real16/generated -I/home/runner/work/hetero_cnn_llm_aha/hetero_cnn_llm_aha/chisel/continuous_prefill/tests   -O3 -c -o shared_production_commands.o /home/runner/work/hetero_cnn_llm_aha/hetero_cnn_llm_aha/chisel/continuous_prefill/tests/shared_production_commands.cpp
g++ -Os  -I.  -MMD -I/home/runner/work/hetero_cnn_llm_aha/hetero_cnn_llm_aha/work/host_command_acceptance/verilator-runtime/include -I/home/runner/work/hetero_cnn_llm_aha/hetero_cnn_llm_aha/work/host_command_acceptance/verilator-runtime/include/vltstd -DVM_COVERAGE=0 -DVM_SC=0 -DVM_TRACE=0 -DVM_TRACE_FST=0 -DVM_TRACE_VCD=0 -faligned-new -fcf-protection=none -Wno-bool-operation -Wno-overloaded-virtual -Wno-shadow -Wno-sign-compare -Wno-uninitialized -Wno-unused-but-set-parameter -Wno-unused-but-set-variable -Wno-unused-parameter -Wno-unused-variable     -O3 -std=c++17 -ffp-contract=off -fno-fast-math -DBLOCK_COMMON -DBLOCK_AXI -DBLOCK_IDMA -I/home/runner/work/hetero_cnn_llm_aha/hetero_cnn_llm_aha/work/host_command_acceptance/real16/generated -I/home/runner/work/hetero_cnn_llm_aha/hetero_cnn_llm_aha/chisel/continuous_prefill/tests   -c -o verilated.o /home/runner/work/hetero_cnn_llm_aha/hetero_cnn_llm_aha/work/host_command_acceptance/verilator-runtime/include/verilated.cpp
g++ -Os  -I.  -MMD -I/home/runner/work/hetero_cnn_llm_aha/hetero_cnn_llm_aha/work/host_command_acceptance/verilator-runtime/include -I/home/runner/work/hetero_cnn_llm_aha/hetero_cnn_llm_aha/work/host_command_acceptance/verilator-runtime/include/vltstd -DVM_COVERAGE=0 -DVM_SC=0 -DVM_TRACE=0 -DVM_TRACE_FST=0 -DVM_TRACE_VCD=0 -faligned-new -fcf-protection=none -Wno-bool-operation -Wno-overloaded-virtual -Wno-shadow -Wno-sign-compare -Wno-uninitialized -Wno-unused-but-set-parameter -Wno-unused-but-set-variable -Wno-unused-parameter -Wno-unused-variable     -O3 -std=c++17 -ffp-contract=off -fno-fast-math -DBLOCK_COMMON -DBLOCK_AXI -DBLOCK_IDMA -I/home/runner/work/hetero_cnn_llm_aha/hetero_cnn_llm_aha/work/host_command_acceptance/real16/generated -I/home/runner/work/hetero_cnn_llm_aha/hetero_cnn_llm_aha/chisel/continuous_prefill/tests   -c -o verilated_dpi.o /home/runner/work/hetero_cnn_llm_aha/hetero_cnn_llm_aha/work/host_command_acceptance/verilator-runtime/include/verilated_dpi.cpp
g++ -Os  -I.  -MMD -I/home/runner/work/hetero_cnn_llm_aha/hetero_cnn_llm_aha/work/host_command_acceptance/verilator-runtime/include -I/home/runner/work/hetero_cnn_llm_aha/hetero_cnn_llm_aha/work/host_command_acceptance/verilator-runtime/include/vltstd -DVM_COVERAGE=0 -DVM_SC=0 -DVM_TRACE=0 -DVM_TRACE_FST=0 -DVM_TRACE_VCD=0 -faligned-new -fcf-protection=none -Wno-bool-operation -Wno-overloaded-virtual -Wno-shadow -Wno-sign-compare -Wno-uninitialized -Wno-unused-but-set-parameter -Wno-unused-but-set-variable -Wno-unused-parameter -Wno-unused-variable     -O3 -std=c++17 -ffp-contract=off -fno-fast-math -DBLOCK_COMMON -DBLOCK_AXI -DBLOCK_IDMA -I/home/runner/work/hetero_cnn_llm_aha/hetero_cnn_llm_aha/work/host_command_acceptance/real16/generated -I/home/runner/work/hetero_cnn_llm_aha/hetero_cnn_llm_aha/chisel/continuous_prefill/tests   -c -o verilated_threads.o /home/runner/work/hetero_cnn_llm_aha/hetero_cnn_llm_aha/work/host_command_acceptance/verilator-runtime/include/verilated_threads.cpp
g++ -O3  -I.  -MMD -I/home/runner/work/hetero_cnn_llm_aha/hetero_cnn_llm_aha/work/host_command_acceptance/verilator-runtime/include -I/home/runner/work/hetero_cnn_llm_aha/hetero_cnn_llm_aha/work/host_command_acceptance/verilator-runtime/include/vltstd -DVM_COVERAGE=0 -DVM_SC=0 -DVM_TRACE=0 -DVM_TRACE_FST=0 -DVM_TRACE_VCD=0 -faligned-new -fcf-protection=none -Wno-bool-operation -Wno-overloaded-virtual -Wno-shadow -Wno-sign-compare -Wno-uninitialized -Wno-unused-but-set-parameter -Wno-unused-but-set-variable -Wno-unused-parameter -Wno-unused-variable     -O3 -std=c++17 -ffp-contract=off -fno-fast-math -DBLOCK_COMMON -DBLOCK_AXI -DBLOCK_IDMA -I/home/runner/work/hetero_cnn_llm_aha/hetero_cnn_llm_aha/work/host_command_acceptance/real16/generated -I/home/runner/work/hetero_cnn_llm_aha/hetero_cnn_llm_aha/chisel/continuous_prefill/tests   -x c++-header VQwen2SharedProductionTop__pch.h -o VQwen2SharedProductionTop__pch.h.fast.gch
g++   -I.  -MMD -I/home/runner/work/hetero_cnn_llm_aha/hetero_cnn_llm_aha/work/host_command_acceptance/verilator-runtime/include -I/home/runner/work/hetero_cnn_llm_aha/hetero_cnn_llm_aha/work/host_command_acceptance/verilator-runtime/include/vltstd -DVM_COVERAGE=0 -DVM_SC=0 -DVM_TRACE=0 -DVM_TRACE_FST=0 -DVM_TRACE_VCD=0 -faligned-new -fcf-protection=none -Wno-bool-operation -Wno-overloaded-virtual -Wno-shadow -Wno-sign-compare -Wno-uninitialized -Wno-unused-but-set-parameter -Wno-unused-but-set-variable -Wno-unused-parameter -Wno-unused-variable     -O3 -std=c++17 -ffp-contract=off -fno-fast-math -DBLOCK_COMMON -DBLOCK_AXI -DBLOCK_IDMA -I/home/runner/work/hetero_cnn_llm_aha/hetero_cnn_llm_aha/work/host_command_acceptance/real16/generated -I/home/runner/work/hetero_cnn_llm_aha/hetero_cnn_llm_aha/chisel/continuous_prefill/tests   -x c++-header VQwen2SharedProductionTop__pch.h -o VQwen2SharedProductionTop__pch.h.slow.gch
echo "" > VQwen2SharedProductionTop__ALL.verilator_deplist.tmp
g++ -O3  -I.  -MMD -I/home/runner/work/hetero_cnn_llm_aha/hetero_cnn_llm_aha/work/host_command_acceptance/verilator-runtime/include -I/home/runner/work/hetero_cnn_llm_aha/hetero_cnn_llm_aha/work/host_command_acceptance/verilator-runtime/include/vltstd -DVM_COVERAGE=0 -DVM_SC=0 -DVM_TRACE=0 -DVM_TRACE_FST=0 -DVM_TRACE_VCD=0 -faligned-new -fcf-protection=none -Wno-bool-operation -Wno-overloaded-virtual -Wno-shadow -Wno-sign-compare -Wno-uninitialized -Wno-unused-but-set-parameter -Wno-unused-but-set-variable -Wno-unused-parameter -Wno-unused-variable     -O3 -std=c++17 -ffp-contract=off -fno-fast-math -DBLOCK_COMMON -DBLOCK_AXI -DBLOCK_IDMA -I/home/runner/work/hetero_cnn_llm_aha/hetero_cnn_llm_aha/work/host_command_acceptance/real16/generated -I/home/runner/work/hetero_cnn_llm_aha/hetero_cnn_llm_aha/chisel/continuous_prefill/tests    -c -o VQwen2SharedProductionTop.o VQwen2SharedProductionTop.cpp
g++ -O3  -I.  -MMD -I/home/runner/work/hetero_cnn_llm_aha/hetero_cnn_llm_aha/work/host_command_acceptance/verilator-runtime/include -I/home/runner/work/hetero_cnn_llm_aha/hetero_cnn_llm_aha/work/host_command_acceptance/verilator-runtime/include/vltstd -DVM_COVERAGE=0 -DVM_SC=0 -DVM_TRACE=0 -DVM_TRACE_FST=0 -DVM_TRACE_VCD=0 -faligned-new -fcf-protection=none -Wno-bool-operation -Wno-overloaded-virtual -Wno-shadow -Wno-sign-compare -Wno-uninitialized -Wno-unused-but-set-parameter -Wno-unused-but-set-variable -Wno-unused-parameter -Wno-unused-variable     -O3 -std=c++17 -ffp-contract=off -fno-fast-math -DBLOCK_COMMON -DBLOCK_AXI -DBLOCK_IDMA -I/home/runner/work/hetero_cnn_llm_aha/hetero_cnn_llm_aha/work/host_command_acceptance/real16/generated -I/home/runner/work/hetero_cnn_llm_aha/hetero_cnn_llm_aha/chisel/continuous_prefill/tests    -c -o VQwen2SharedProductionTop___024root__DepSet_hbf5aab14__0.o VQwen2SharedProductionTop___024root__DepSet_hbf5aab14__0.cpp
g++ -O3  -I.  -MMD -I/home/runner/work/hetero_cnn_llm_aha/hetero_cnn_llm_aha/work/host_command_acceptance/verilator-runtime/include -I/home/runner/work/hetero_cnn_llm_aha/hetero_cnn_llm_aha/work/host_command_acceptance/verilator-runtime/include/vltstd -DVM_COVERAGE=0 -DVM_SC=0 -DVM_TRACE=0 -DVM_TRACE_FST=0 -DVM_TRACE_VCD=0 -faligned-new -fcf-protection=none -Wno-bool-operation -Wno-overloaded-virtual -Wno-shadow -Wno-sign-compare -Wno-uninitialized -Wno-unused-but-set-parameter -Wno-unused-but-set-variable -Wno-unused-parameter -Wno-unused-variable     -O3 -std=c++17 -ffp-contract=off -fno-fast-math -DBLOCK_COMMON -DBLOCK_AXI -DBLOCK_IDMA -I/home/runner/work/hetero_cnn_llm_aha/hetero_cnn_llm_aha/work/host_command_acceptance/real16/generated -I/home/runner/work/hetero_cnn_llm_aha/hetero_cnn_llm_aha/chisel/continuous_prefill/tests    -c -o VQwen2SharedProductionTop___024root__DepSet_hbf5aab14__1.o VQwen2SharedProductionTop___024root__DepSet_hbf5aab14__1.cpp
g++ -O3  -I.  -MMD -I/home/runner/work/hetero_cnn_llm_aha/hetero_cnn_llm_aha/work/host_command_acceptance/verilator-runtime/include -I/home/runner/work/hetero_cnn_llm_aha/hetero_cnn_llm_aha/work/host_command_acceptance/verilator-runtime/include/vltstd -DVM_COVERAGE=0 -DVM_SC=0 -DVM_TRACE=0 -DVM_TRACE_FST=0 -DVM_TRACE_VCD=0 -faligned-new -fcf-protection=none -Wno-bool-operation -Wno-overloaded-virtual -Wno-shadow -Wno-sign-compare -Wno-uninitialized -Wno-unused-but-set-parameter -Wno-unused-but-set-variable -Wno-unused-parameter -Wno-unused-variable     -O3 -std=c++17 -ffp-contract=off -fno-fast-math -DBLOCK_COMMON -DBLOCK_AXI -DBLOCK_IDMA -I/home/runner/work/hetero_cnn_llm_aha/hetero_cnn_llm_aha/work/host_command_acceptance/real16/generated -I/home/runner/work/hetero_cnn_llm_aha/hetero_cnn_llm_aha/chisel/continuous_prefill/tests    -c -o VQwen2SharedProductionTop___024root__DepSet_hbf5aab14__2.o VQwen2SharedProductionTop___024root__DepSet_hbf5aab14__2.cpp
g++ -O3  -I.  -MMD -I/home/runner/work/hetero_cnn_llm_aha/hetero_cnn_llm_aha/work/host_command_acceptance/verilator-runtime/include -I/home/runner/work/hetero_cnn_llm_aha/hetero_cnn_llm_aha/work/host_command_acceptance/verilator-runtime/include/vltstd -DVM_COVERAGE=0 -DVM_SC=0 -DVM_TRACE=0 -DVM_TRACE_FST=0 -DVM_TRACE_VCD=0 -faligned-new -fcf-protection=none -Wno-bool-operation -Wno-overloaded-virtual -Wno-shadow -Wno-sign-compare -Wno-uninitialized -Wno-unused-but-set-parameter -Wno-unused-but-set-variable -Wno-unused-parameter -Wno-unused-variable     -O3 -std=c++17 -ffp-contract=off -fno-fast-math -DBLOCK_COMMON -DBLOCK_AXI -DBLOCK_IDMA -I/home/runner/work/hetero_cnn_llm_aha/hetero_cnn_llm_aha/work/host_command_acceptance/real16/generated -I/home/runner/work/hetero_cnn_llm_aha/hetero_cnn_llm_aha/chisel/continuous_prefill/tests    -c -o VQwen2SharedProductionTop___024root__DepSet_hbf5aab14__3.o VQwen2SharedProductionTop___024root__DepSet_hbf5aab14__3.cpp
g++ -O3  -I.  -MMD -I/home/runner/work/hetero_cnn_llm_aha/hetero_cnn_llm_aha/work/host_command_acceptance/verilator-runtime/include -I/home/runner/work/hetero_cnn_llm_aha/hetero_cnn_llm_aha/work/host_command_acceptance/verilator-runtime/include/vltstd -DVM_COVERAGE=0 -DVM_SC=0 -DVM_TRACE=0 -DVM_TRACE_FST=0 -DVM_TRACE_VCD=0 -faligned-new -fcf-protection=none -Wno-bool-operation -Wno-overloaded-virtual -Wno-shadow -Wno-sign-compare -Wno-uninitialized -Wno-unused-but-set-parameter -Wno-unused-but-set-variable -Wno-unused-parameter -Wno-unused-variable     -O3 -std=c++17 -ffp-contract=off -fno-fast-math -DBLOCK_COMMON -DBLOCK_AXI -DBLOCK_IDMA -I/home/runner/work/hetero_cnn_llm_aha/hetero_cnn_llm_aha/work/host_command_acceptance/real16/generated -I/home/runner/work/hetero_cnn_llm_aha/hetero_cnn_llm_aha/chisel/continuous_prefill/tests    -c -o VQwen2SharedProductionTop___024root__DepSet_h30cb6ee7__0.o VQwen2SharedProductionTop___024root__DepSet_h30cb6ee7__0.cpp
g++ -O3  -I.  -MMD -I/home/runner/work/hetero_cnn_llm_aha/hetero_cnn_llm_aha/work/host_command_acceptance/verilator-runtime/include -I/home/runner/work/hetero_cnn_llm_aha/hetero_cnn_llm_aha/work/host_command_acceptance/verilator-runtime/include/vltstd -DVM_COVERAGE=0 -DVM_SC=0 -DVM_TRACE=0 -DVM_TRACE_FST=0 -DVM_TRACE_VCD=0 -faligned-new -fcf-protection=none -Wno-bool-operation -Wno-overloaded-virtual -Wno-shadow -Wno-sign-compare -Wno-uninitialized -Wno-unused-but-set-parameter -Wno-unused-but-set-variable -Wno-unused-parameter -Wno-unused-variable     -O3 -std=c++17 -ffp-contract=off -fno-fast-math -DBLOCK_COMMON -DBLOCK_AXI -DBLOCK_IDMA -I/home/runner/work/hetero_cnn_llm_aha/hetero_cnn_llm_aha/work/host_command_acceptance/real16/generated -I/home/runner/work/hetero_cnn_llm_aha/hetero_cnn_llm_aha/chisel/continuous_prefill/tests    -c -o VQwen2SharedProductionTop___024root__DepSet_h30cb6ee7__1.o VQwen2SharedProductionTop___024root__DepSet_h30cb6ee7__1.cpp
g++ -O3  -I.  -MMD -I/home/runner/work/hetero_cnn_llm_aha/hetero_cnn_llm_aha/work/host_command_acceptance/verilator-runtime/include -I/home/runner/work/hetero_cnn_llm_aha/hetero_cnn_llm_aha/work/host_command_acceptance/verilator-runtime/include/vltstd -DVM_COVERAGE=0 -DVM_SC=0 -DVM_TRACE=0 -DVM_TRACE_FST=0 -DVM_TRACE_VCD=0 -faligned-new -fcf-protection=none -Wno-bool-operation -Wno-overloaded-virtual -Wno-shadow -Wno-sign-compare -Wno-uninitialized -Wno-unused-but-set-parameter -Wno-unused-but-set-variable -Wno-unused-parameter -Wno-unused-variable     -O3 -std=c++17 -ffp-contract=off -fno-fast-math -DBLOCK_COMMON -DBLOCK_AXI -DBLOCK_IDMA -I/home/runner/work/hetero_cnn_llm_aha/hetero_cnn_llm_aha/work/host_command_acceptance/real16/generated -I/home/runner/work/hetero_cnn_llm_aha/hetero_cnn_llm_aha/chisel/continuous_prefill/tests    -c -o VQwen2SharedProductionTop_idma_reg32_3d_reg_pkg__DepSet_h3bd5ac90__0.o VQwen2SharedProductionTop_idma_reg32_3d_reg_pkg__DepSet_h3bd5ac90__0.cpp
g++ -O3  -I.  -MMD -I/home/runner/work/hetero_cnn_llm_aha/hetero_cnn_llm_aha/work/host_command_acceptance/verilator-runtime/include -I/home/runner/work/hetero_cnn_llm_aha/hetero_cnn_llm_aha/work/host_command_acceptance/verilator-runtime/include/vltstd -DVM_COVERAGE=0 -DVM_SC=0 -DVM_TRACE=0 -DVM_TRACE_FST=0 -DVM_TRACE_VCD=0 -faligned-new -fcf-protection=none -Wno-bool-operation -Wno-overloaded-virtual -Wno-shadow -Wno-sign-compare -Wno-uninitialized -Wno-unused-but-set-parameter -Wno-unused-but-set-variable -Wno-unused-parameter -Wno-unused-variable     -O3 -std=c++17 -ffp-contract=off -fno-fast-math -DBLOCK_COMMON -DBLOCK_AXI -DBLOCK_IDMA -I/home/runner/work/hetero_cnn_llm_aha/hetero_cnn_llm_aha/work/host_command_acceptance/real16/generated -I/home/runner/work/hetero_cnn_llm_aha/hetero_cnn_llm_aha/chisel/continuous_prefill/tests    -c -o VQwen2SharedProductionTop_idma_reg64_2d_reg_pkg__DepSet_hdd491392__0.o VQwen2SharedProductionTop_idma_reg64_2d_reg_pkg__DepSet_hdd491392__0.cpp
g++ -O3  -I.  -MMD -I/home/runner/work/hetero_cnn_llm_aha/hetero_cnn_llm_aha/work/host_command_acceptance/verilator-runtime/include -I/home/runner/work/hetero_cnn_llm_aha/hetero_cnn_llm_aha/work/host_command_acceptance/verilator-runtime/include/vltstd -DVM_COVERAGE=0 -DVM_SC=0 -DVM_TRACE=0 -DVM_TRACE_FST=0 -DVM_TRACE_VCD=0 -faligned-new -fcf-protection=none -Wno-bool-operation -Wno-overloaded-virtual -Wno-shadow -Wno-sign-compare -Wno-uninitialized -Wno-unused-but-set-parameter -Wno-unused-but-set-variable -Wno-unused-parameter -Wno-unused-variable     -O3 -std=c++17 -ffp-contract=off -fno-fast-math -DBLOCK_COMMON -DBLOCK_AXI -DBLOCK_IDMA -I/home/runner/work/hetero_cnn_llm_aha/hetero_cnn_llm_aha/work/host_command_acceptance/real16/generated -I/home/runner/work/hetero_cnn_llm_aha/hetero_cnn_llm_aha/chisel/continuous_prefill/tests    -c -o VQwen2SharedProductionTop_idma_reg64_1d_reg_pkg__DepSet_h8e7f4331__0.o VQwen2SharedProductionTop_idma_reg64_1d_reg_pkg__DepSet_h8e7f4331__0.cpp
g++ -O3  -I.  -MMD -I/home/runner/work/hetero_cnn_llm_aha/hetero_cnn_llm_aha/work/host_command_acceptance/verilator-runtime/include -I/home/runner/work/hetero_cnn_llm_aha/hetero_cnn_llm_aha/work/host_command_acceptance/verilator-runtime/include/vltstd -DVM_COVERAGE=0 -DVM_SC=0 -DVM_TRACE=0 -DVM_TRACE_FST=0 -DVM_TRACE_VCD=0 -faligned-new -fcf-protection=none -Wno-bool-operation -Wno-overloaded-virtual -Wno-shadow -Wno-sign-compare -Wno-uninitialized -Wno-unused-but-set-parameter -Wno-unused-but-set-variable -Wno-unused-parameter -Wno-unused-variable     -O3 -std=c++17 -ffp-contract=off -fno-fast-math -DBLOCK_COMMON -DBLOCK_AXI -DBLOCK_IDMA -I/home/runner/work/hetero_cnn_llm_aha/hetero_cnn_llm_aha/work/host_command_acceptance/real16/generated -I/home/runner/work/hetero_cnn_llm_aha/hetero_cnn_llm_aha/chisel/continuous_prefill/tests    -c -o VQwen2SharedProductionTop_ElementwiseMemoryEngine__DepSet_he75ebc7a__0.o VQwen2SharedProductionTop_ElementwiseMemoryEngine__DepSet_he75ebc7a__0.cpp
g++ -O3  -I.  -MMD -I/home/runner/work/hetero_cnn_llm_aha/hetero_cnn_llm_aha/work/host_command_acceptance/verilator-runtime/include -I/home/runner/work/hetero_cnn_llm_aha/hetero_cnn_llm_aha/work/host_command_acceptance/verilator-runtime/include/vltstd -DVM_COVERAGE=0 -DVM_SC=0 -DVM_TRACE=0 -DVM_TRACE_FST=0 -DVM_TRACE_VCD=0 -faligned-new -fcf-protection=none -Wno-bool-operation -Wno-overloaded-virtual -Wno-shadow -Wno-sign-compare -Wno-uninitialized -Wno-unused-but-set-parameter -Wno-unused-but-set-variable -Wno-unused-parameter -Wno-unused-variable     -O3 -std=c++17 -ffp-contract=off -fno-fast-math -DBLOCK_COMMON -DBLOCK_AXI -DBLOCK_IDMA -I/home/runner/work/hetero_cnn_llm_aha/hetero_cnn_llm_aha/work/host_command_acceptance/real16/generated -I/home/runner/work/hetero_cnn_llm_aha/hetero_cnn_llm_aha/chisel/continuous_prefill/tests    -c -o VQwen2SharedProductionTop_ElementwiseMemoryEngine__DepSet_h23a97654__0.o VQwen2SharedProductionTop_ElementwiseMemoryEngine__DepSet_h23a97654__0.cpp
g++ -O3  -I.  -MMD -I/home/runner/work/hetero_cnn_llm_aha/hetero_cnn_llm_aha/work/host_command_acceptance/verilator-runtime/include -I/home/runner/work/hetero_cnn_llm_aha/hetero_cnn_llm_aha/work/host_command_acceptance/verilator-runtime/include/vltstd -DVM_COVERAGE=0 -DVM_SC=0 -DVM_TRACE=0 -DVM_TRACE_FST=0 -DVM_TRACE_VCD=0 -faligned-new -fcf-protection=none -Wno-bool-operation -Wno-overloaded-virtual -Wno-shadow -Wno-sign-compare -Wno-uninitialized -Wno-unused-but-set-parameter -Wno-unused-but-set-variable -Wno-unused-parameter -Wno-unused-variable     -O3 -std=c++17 -ffp-contract=off -fno-fast-math -DBLOCK_COMMON -DBLOCK_AXI -DBLOCK_IDMA -I/home/runner/work/hetero_cnn_llm_aha/hetero_cnn_llm_aha/work/host_command_acceptance/real16/generated -I/home/runner/work/hetero_cnn_llm_aha/hetero_cnn_llm_aha/chisel/continuous_prefill/tests    -c -o VQwen2SharedProductionTop_idma_desc64_reg_pkg__DepSet_hf10d2a7e__0.o VQwen2SharedProductionTop_idma_desc64_reg_pkg__DepSet_hf10d2a7e__0.cpp
g++ -O3  -I.  -MMD -I/home/runner/work/hetero_cnn_llm_aha/hetero_cnn_llm_aha/work/host_command_acceptance/verilator-runtime/include -I/home/runner/work/hetero_cnn_llm_aha/hetero_cnn_llm_aha/work/host_command_acceptance/verilator-runtime/include/vltstd -DVM_COVERAGE=0 -DVM_SC=0 -DVM_TRACE=0 -DVM_TRACE_FST=0 -DVM_TRACE_VCD=0 -faligned-new -fcf-protection=none -Wno-bool-operation -Wno-overloaded-virtual -Wno-shadow -Wno-sign-compare -Wno-uninitialized -Wno-unused-but-set-parameter -Wno-unused-but-set-variable -Wno-unused-parameter -Wno-unused-variable     -O3 -std=c++17 -ffp-contract=off -fno-fast-math -DBLOCK_COMMON -DBLOCK_AXI -DBLOCK_IDMA -I/home/runner/work/hetero_cnn_llm_aha/hetero_cnn_llm_aha/work/host_command_acceptance/real16/generated -I/home/runner/work/hetero_cnn_llm_aha/hetero_cnn_llm_aha/chisel/continuous_prefill/tests    -c -o VQwen2SharedProductionTop_HeteroFP32Alu__DepSet_h2ba8a3d4__0.o VQwen2SharedProductionTop_HeteroFP32Alu__DepSet_h2ba8a3d4__0.cpp
g++ -O3  -I.  -MMD -I/home/runner/work/hetero_cnn_llm_aha/hetero_cnn_llm_aha/work/host_command_acceptance/verilator-runtime/include -I/home/runner/work/hetero_cnn_llm_aha/hetero_cnn_llm_aha/work/host_command_acceptance/verilator-runtime/include/vltstd -DVM_COVERAGE=0 -DVM_SC=0 -DVM_TRACE=0 -DVM_TRACE_FST=0 -DVM_TRACE_VCD=0 -faligned-new -fcf-protection=none -Wno-bool-operation -Wno-overloaded-virtual -Wno-shadow -Wno-sign-compare -Wno-uninitialized -Wno-unused-but-set-parameter -Wno-unused-but-set-variable -Wno-unused-parameter -Wno-unused-variable     -O3 -std=c++17 -ffp-contract=off -fno-fast-math -DBLOCK_COMMON -DBLOCK_AXI -DBLOCK_IDMA -I/home/runner/work/hetero_cnn_llm_aha/hetero_cnn_llm_aha/work/host_command_acceptance/real16/generated -I/home/runner/work/hetero_cnn_llm_aha/hetero_cnn_llm_aha/chisel/continuous_prefill/tests    -c -o VQwen2SharedProductionTop_HeteroFP32Alu__DepSet_h2ba8a3d4__1.o VQwen2SharedProductionTop_HeteroFP32Alu__DepSet_h2ba8a3d4__1.cpp
g++ -O3  -I.  -MMD -I/home/runner/work/hetero_cnn_llm_aha/hetero_cnn_llm_aha/work/host_command_acceptance/verilator-runtime/include -I/home/runner/work/hetero_cnn_llm_aha/hetero_cnn_llm_aha/work/host_command_acceptance/verilator-runtime/include/vltstd -DVM_COVERAGE=0 -DVM_SC=0 -DVM_TRACE=0 -DVM_TRACE_FST=0 -DVM_TRACE_VCD=0 -faligned-new -fcf-protection=none -Wno-bool-operation -Wno-overloaded-virtual -Wno-shadow -Wno-sign-compare -Wno-uninitialized -Wno-unused-but-set-parameter -Wno-unused-but-set-variable -Wno-unused-parameter -Wno-unused-variable     -O3 -std=c++17 -ffp-contract=off -fno-fast-math -DBLOCK_COMMON -DBLOCK_AXI -DBLOCK_IDMA -I/home/runner/work/hetero_cnn_llm_aha/hetero_cnn_llm_aha/work/host_command_acceptance/real16/generated -I/home/runner/work/hetero_cnn_llm_aha/hetero_cnn_llm_aha/chisel/continuous_prefill/tests    -c -o VQwen2SharedProductionTop_HeteroFP32Alu__DepSet_h2ba8a3d4__2.o VQwen2SharedProductionTop_HeteroFP32Alu__DepSet_h2ba8a3d4__2.cpp
g++ -O3  -I.  -MMD -I/home/runner/work/hetero_cnn_llm_aha/hetero_cnn_llm_aha/work/host_command_acceptance/verilator-runtime/include -I/home/runner/work/hetero_cnn_llm_aha/hetero_cnn_llm_aha/work/host_command_acceptance/verilator-runtime/include/vltstd -DVM_COVERAGE=0 -DVM_SC=0 -DVM_TRACE=0 -DVM_TRACE_FST=0 -DVM_TRACE_VCD=0 -faligned-new -fcf-protection=none -Wno-bool-operation -Wno-overloaded-virtual -Wno-shadow -Wno-sign-compare -Wno-uninitialized -Wno-unused-but-set-parameter -Wno-unused-but-set-variable -Wno-unused-parameter -Wno-unused-variable     -O3 -std=c++17 -ffp-contract=off -fno-fast-math -DBLOCK_COMMON -DBLOCK_AXI -DBLOCK_IDMA -I/home/runner/work/hetero_cnn_llm_aha/hetero_cnn_llm_aha/work/host_command_acceptance/real16/generated -I/home/runner/work/hetero_cnn_llm_aha/hetero_cnn_llm_aha/chisel/continuous_prefill/tests    -c -o VQwen2SharedProductionTop_HeteroFP32Alu__DepSet_h2ba8a3d4__3.o VQwen2SharedProductionTop_HeteroFP32Alu__DepSet_h2ba8a3d4__3.cpp
g++ -O3  -I.  -MMD -I/home/runner/work/hetero_cnn_llm_aha/hetero_cnn_llm_aha/work/host_command_acceptance/verilator-runtime/include -I/home/runner/work/hetero_cnn_llm_aha/hetero_cnn_llm_aha/work/host_command_acceptance/verilator-runtime/include/vltstd -DVM_COVERAGE=0 -DVM_SC=0 -DVM_TRACE=0 -DVM_TRACE_FST=0 -DVM_TRACE_VCD=0 -faligned-new -fcf-protection=none -Wno-bool-operation -Wno-overloaded-virtual -Wno-shadow -Wno-sign-compare -Wno-uninitialized -Wno-unused-but-set-parameter -Wno-unused-but-set-variable -Wno-unused-parameter -Wno-unused-variable     -O3 -std=c++17 -ffp-contract=off -fno-fast-math -DBLOCK_COMMON -DBLOCK_AXI -DBLOCK_IDMA -I/home/runner/work/hetero_cnn_llm_aha/hetero_cnn_llm_aha/work/host_command_acceptance/real16/generated -I/home/runner/work/hetero_cnn_llm_aha/hetero_cnn_llm_aha/chisel/continuous_prefill/tests    -c -o VQwen2SharedProductionTop_HeteroFP32Alu__DepSet_h2ba8a3d4__4.o VQwen2SharedProductionTop_HeteroFP32Alu__DepSet_h2ba8a3d4__4.cpp
g++ -O3  -I.  -MMD -I/home/runner/work/hetero_cnn_llm_aha/hetero_cnn_llm_aha/work/host_command_acceptance/verilator-runtime/include -I/home/runner/work/hetero_cnn_llm_aha/hetero_cnn_llm_aha/work/host_command_acceptance/verilator-runtime/include/vltstd -DVM_COVERAGE=0 -DVM_SC=0 -DVM_TRACE=0 -DVM_TRACE_FST=0 -DVM_TRACE_VCD=0 -faligned-new -fcf-protection=none -Wno-bool-operation -Wno-overloaded-virtual -Wno-shadow -Wno-sign-compare -Wno-uninitialized -Wno-unused-but-set-parameter -Wno-unused-but-set-variable -Wno-unused-parameter -Wno-unused-variable     -O3 -std=c++17 -ffp-contract=off -fno-fast-math -DBLOCK_COMMON -DBLOCK_AXI -DBLOCK_IDMA -I/home/runner/work/hetero_cnn_llm_aha/hetero_cnn_llm_aha/work/host_command_acceptance/real16/generated -I/home/runner/work/hetero_cnn_llm_aha/hetero_cnn_llm_aha/chisel/continuous_prefill/tests    -c -o VQwen2SharedProductionTop_HeteroFP32Alu__DepSet_h2ba8a3d4__5.o VQwen2SharedProductionTop_HeteroFP32Alu__DepSet_h2ba8a3d4__5.cpp
g++ -O3  -I.  -MMD -I/home/runner/work/hetero_cnn_llm_aha/hetero_cnn_llm_aha/work/host_command_acceptance/verilator-runtime/include -I/home/runner/work/hetero_cnn_llm_aha/hetero_cnn_llm_aha/work/host_command_acceptance/verilator-runtime/include/vltstd -DVM_COVERAGE=0 -DVM_SC=0 -DVM_TRACE=0 -DVM_TRACE_FST=0 -DVM_TRACE_VCD=0 -faligned-new -fcf-protection=none -Wno-bool-operation -Wno-overloaded-virtual -Wno-shadow -Wno-sign-compare -Wno-uninitialized -Wno-unused-but-set-parameter -Wno-unused-but-set-variable -Wno-unused-parameter -Wno-unused-variable     -O3 -std=c++17 -ffp-contract=off -fno-fast-math -DBLOCK_COMMON -DBLOCK_AXI -DBLOCK_IDMA -I/home/runner/work/hetero_cnn_llm_aha/hetero_cnn_llm_aha/work/host_command_acceptance/real16/generated -I/home/runner/work/hetero_cnn_llm_aha/hetero_cnn_llm_aha/chisel/continuous_prefill/tests    -c -o VQwen2SharedProductionTop_HeteroFP32Alu__DepSet_h2ba8a3d4__6.o VQwen2SharedProductionTop_HeteroFP32Alu__DepSet_h2ba8a3d4__6.cpp
g++ -O3  -I.  -MMD -I/home/runner/work/hetero_cnn_llm_aha/hetero_cnn_llm_aha/work/host_command_acceptance/verilator-runtime/include -I/home/runner/work/hetero_cnn_llm_aha/hetero_cnn_llm_aha/work/host_command_acceptance/verilator-runtime/include/vltstd -DVM_COVERAGE=0 -DVM_SC=0 -DVM_TRACE=0 -DVM_TRACE_FST=0 -DVM_TRACE_VCD=0 -faligned-new -fcf-protection=none -Wno-bool-operation -Wno-overloaded-virtual -Wno-shadow -Wno-sign-compare -Wno-uninitialized -Wno-unused-but-set-parameter -Wno-unused-but-set-variable -Wno-unused-parameter -Wno-unused-variable     -O3 -std=c++17 -ffp-contract=off -fno-fast-math -DBLOCK_COMMON -DBLOCK_AXI -DBLOCK_IDMA -I/home/runner/work/hetero_cnn_llm_aha/hetero_cnn_llm_aha/work/host_command_acceptance/real16/generated -I/home/runner/work/hetero_cnn_llm_aha/hetero_cnn_llm_aha/chisel/continuous_prefill/tests    -c -o VQwen2SharedProductionTop_banks_bank_2240x128__DepSet_h571bc035__0.o VQwen2SharedProductionTop_banks_bank_2240x128__DepSet_h571bc035__0.cpp
g++ -O3  -I.  -MMD -I/home/runner/work/hetero_cnn_llm_aha/hetero_cnn_llm_aha/work/host_command_acceptance/verilator-runtime/include -I/home/runner/work/hetero_cnn_llm_aha/hetero_cnn_llm_aha/work/host_command_acceptance/verilator-runtime/include/vltstd -DVM_COVERAGE=0 -DVM_SC=0 -DVM_TRACE=0 -DVM_TRACE_FST=0 -DVM_TRACE_VCD=0 -faligned-new -fcf-protection=none -Wno-bool-operation -Wno-overloaded-virtual -Wno-shadow -Wno-sign-compare -Wno-uninitialized -Wno-unused-but-set-parameter -Wno-unused-but-set-variable -Wno-unused-parameter -Wno-unused-variable     -O3 -std=c++17 -ffp-contract=off -fno-fast-math -DBLOCK_COMMON -DBLOCK_AXI -DBLOCK_IDMA -I/home/runner/work/hetero_cnn_llm_aha/hetero_cnn_llm_aha/work/host_command_acceptance/real16/generated -I/home/runner/work/hetero_cnn_llm_aha/hetero_cnn_llm_aha/chisel/continuous_prefill/tests    -c -o VQwen2SharedProductionTop_banks_bank_48x128__DepSet_h3572ab6b__0.o VQwen2SharedProductionTop_banks_bank_48x128__DepSet_h3572ab6b__0.cpp
g++ -O3  -I.  -MMD -I/home/runner/work/hetero_cnn_llm_aha/hetero_cnn_llm_aha/work/host_command_acceptance/verilator-runtime/include -I/home/runner/work/hetero_cnn_llm_aha/hetero_cnn_llm_aha/work/host_command_acceptance/verilator-runtime/include/vltstd -DVM_COVERAGE=0 -DVM_SC=0 -DVM_TRACE=0 -DVM_TRACE_FST=0 -DVM_TRACE_VCD=0 -faligned-new -fcf-protection=none -Wno-bool-operation -Wno-overloaded-virtual -Wno-shadow -Wno-sign-compare -Wno-uninitialized -Wno-unused-but-set-parameter -Wno-unused-but-set-variable -Wno-unused-parameter -Wno-unused-variable     -O3 -std=c++17 -ffp-contract=off -fno-fast-math -DBLOCK_COMMON -DBLOCK_AXI -DBLOCK_IDMA -I/home/runner/work/hetero_cnn_llm_aha/hetero_cnn_llm_aha/work/host_command_acceptance/real16/generated -I/home/runner/work/hetero_cnn_llm_aha/hetero_cnn_llm_aha/chisel/continuous_prefill/tests    -c -o VQwen2SharedProductionTop_banks_bank_48x128__DepSet_h3572ab6b__1.o VQwen2SharedProductionTop_banks_bank_48x128__DepSet_h3572ab6b__1.cpp
g++ -O3  -I.  -MMD -I/home/runner/work/hetero_cnn_llm_aha/hetero_cnn_llm_aha/work/host_command_acceptance/verilator-runtime/include -I/home/runner/work/hetero_cnn_llm_aha/hetero_cnn_llm_aha/work/host_command_acceptance/verilator-runtime/include/vltstd -DVM_COVERAGE=0 -DVM_SC=0 -DVM_TRACE=0 -DVM_TRACE_FST=0 -DVM_TRACE_VCD=0 -faligned-new -fcf-protection=none -Wno-bool-operation -Wno-overloaded-virtual -Wno-shadow -Wno-sign-compare -Wno-uninitialized -Wno-unused-but-set-parameter -Wno-unused-but-set-variable -Wno-unused-parameter -Wno-unused-variable     -O3 -std=c++17 -ffp-contract=off -fno-fast-math -DBLOCK_COMMON -DBLOCK_AXI -DBLOCK_IDMA -I/home/runner/work/hetero_cnn_llm_aha/hetero_cnn_llm_aha/work/host_command_acceptance/real16/generated -I/home/runner/work/hetero_cnn_llm_aha/hetero_cnn_llm_aha/chisel/continuous_prefill/tests    -c -o VQwen2SharedProductionTop_bf16_context_lane_cluster16_rev8b_b_candidate__DepSet_h34f93741__0.o VQwen2SharedProductionTop_bf16_context_lane_cluster16_rev8b_b_candidate__DepSet_h34f93741__0.cpp
g++ -O3  -I.  -MMD -I/home/runner/work/hetero_cnn_llm_aha/hetero_cnn_llm_aha/work/host_command_acceptance/verilator-runtime/include -I/home/runner/work/hetero_cnn_llm_aha/hetero_cnn_llm_aha/work/host_command_acceptance/verilator-runtime/include/vltstd -DVM_COVERAGE=0 -DVM_SC=0 -DVM_TRACE=0 -DVM_TRACE_FST=0 -DVM_TRACE_VCD=0 -faligned-new -fcf-protection=none -Wno-bool-operation -Wno-overloaded-virtual -Wno-shadow -Wno-sign-compare -Wno-uninitialized -Wno-unused-but-set-parameter -Wno-unused-but-set-variable -Wno-unused-parameter -Wno-unused-variable     -O3 -std=c++17 -ffp-contract=off -fno-fast-math -DBLOCK_COMMON -DBLOCK_AXI -DBLOCK_IDMA -I/home/runner/work/hetero_cnn_llm_aha/hetero_cnn_llm_aha/work/host_command_acceptance/real16/generated -I/home/runner/work/hetero_cnn_llm_aha/hetero_cnn_llm_aha/chisel/continuous_prefill/tests    -c -o VQwen2SharedProductionTop_bf16_context_lane_cluster16_rev8b_b_candidate__DepSet_h34f93741__1.o VQwen2SharedProductionTop_bf16_context_lane_cluster16_rev8b_b_candidate__DepSet_h34f93741__1.cpp
g++ -O3  -I.  -MMD -I/home/runner/work/hetero_cnn_llm_aha/hetero_cnn_llm_aha/work/host_command_acceptance/verilator-runtime/include -I/home/runner/work/hetero_cnn_llm_aha/hetero_cnn_llm_aha/work/host_command_acceptance/verilator-runtime/include/vltstd -DVM_COVERAGE=0 -DVM_SC=0 -DVM_TRACE=0 -DVM_TRACE_FST=0 -DVM_TRACE_VCD=0 -faligned-new -fcf-protection=none -Wno-bool-operation -Wno-overloaded-virtual -Wno-shadow -Wno-sign-compare -Wno-uninitialized -Wno-unused-but-set-parameter -Wno-unused-but-set-variable -Wno-unused-parameter -Wno-unused-variable     -O3 -std=c++17 -ffp-contract=off -fno-fast-math -DBLOCK_COMMON -DBLOCK_AXI -DBLOCK_IDMA -I/home/runner/work/hetero_cnn_llm_aha/hetero_cnn_llm_aha/work/host_command_acceptance/real16/generated -I/home/runner/work/hetero_cnn_llm_aha/hetero_cnn_llm_aha/chisel/continuous_prefill/tests    -c -o VQwen2SharedProductionTop_bf16_context_lane_cluster16_rev8b_b_candidate__DepSet_hbc2c0b1c__0.o VQwen2SharedProductionTop_bf16_context_lane_cluster16_rev8b_b_candidate__DepSet_hbc2c0b1c__0.cpp
g++ -O3  -I.  -MMD -I/home/runner/work/hetero_cnn_llm_aha/hetero_cnn_llm_aha/work/host_command_acceptance/verilator-runtime/include -I/home/runner/work/hetero_cnn_llm_aha/hetero_cnn_llm_aha/work/host_command_acceptance/verilator-runtime/include/vltstd -DVM_COVERAGE=0 -DVM_SC=0 -DVM_TRACE=0 -DVM_TRACE_FST=0 -DVM_TRACE_VCD=0 -faligned-new -fcf-protection=none -Wno-bool-operation -Wno-overloaded-virtual -Wno-shadow -Wno-sign-compare -Wno-uninitialized -Wno-unused-but-set-parameter -Wno-unused-but-set-variable -Wno-unused-parameter -Wno-unused-variable     -O3 -std=c++17 -ffp-contract=off -fno-fast-math -DBLOCK_COMMON -DBLOCK_AXI -DBLOCK_IDMA -I/home/runner/work/hetero_cnn_llm_aha/hetero_cnn_llm_aha/work/host_command_acceptance/real16/generated -I/home/runner/work/hetero_cnn_llm_aha/hetero_cnn_llm_aha/chisel/continuous_prefill/tests    -c -o VQwen2SharedProductionTop__Dpi.o VQwen2SharedProductionTop__Dpi.cpp
g++   -I.  -MMD -I/home/runner/work/hetero_cnn_llm_aha/hetero_cnn_llm_aha/work/host_command_acceptance/verilator-runtime/include -I/home/runner/work/hetero_cnn_llm_aha/hetero_cnn_llm_aha/work/host_command_acceptance/verilator-runtime/include/vltstd -DVM_COVERAGE=0 -DVM_SC=0 -DVM_TRACE=0 -DVM_TRACE_FST=0 -DVM_TRACE_VCD=0 -faligned-new -fcf-protection=none -Wno-bool-operation -Wno-overloaded-virtual -Wno-shadow -Wno-sign-compare -Wno-uninitialized -Wno-unused-but-set-parameter -Wno-unused-but-set-variable -Wno-unused-parameter -Wno-unused-variable     -O3 -std=c++17 -ffp-contract=off -fno-fast-math -DBLOCK_COMMON -DBLOCK_AXI -DBLOCK_IDMA -I/home/runner/work/hetero_cnn_llm_aha/hetero_cnn_llm_aha/work/host_command_acceptance/real16/generated -I/home/runner/work/hetero_cnn_llm_aha/hetero_cnn_llm_aha/chisel/continuous_prefill/tests    -c -o VQwen2SharedProductionTop__ConstPool_0.o VQwen2SharedProductionTop__ConstPool_0.cpp
g++   -I.  -MMD -I/home/runner/work/hetero_cnn_llm_aha/hetero_cnn_llm_aha/work/host_command_acceptance/verilator-runtime/include -I/home/runner/work/hetero_cnn_llm_aha/hetero_cnn_llm_aha/work/host_command_acceptance/verilator-runtime/include/vltstd -DVM_COVERAGE=0 -DVM_SC=0 -DVM_TRACE=0 -DVM_TRACE_FST=0 -DVM_TRACE_VCD=0 -faligned-new -fcf-protection=none -Wno-bool-operation -Wno-overloaded-virtual -Wno-shadow -Wno-sign-compare -Wno-uninitialized -Wno-unused-but-set-parameter -Wno-unused-but-set-variable -Wno-unused-parameter -Wno-unused-variable     -O3 -std=c++17 -ffp-contract=off -fno-fast-math -DBLOCK_COMMON -DBLOCK_AXI -DBLOCK_IDMA -I/home/runner/work/hetero_cnn_llm_aha/hetero_cnn_llm_aha/work/host_command_acceptance/real16/generated -I/home/runner/work/hetero_cnn_llm_aha/hetero_cnn_llm_aha/chisel/continuous_prefill/tests    -c -o VQwen2SharedProductionTop___024root__Slow.o VQwen2SharedProductionTop___024root__Slow.cpp
g++   -I.  -MMD -I/home/runner/work/hetero_cnn_llm_aha/hetero_cnn_llm_aha/work/host_command_acceptance/verilator-runtime/include -I/home/runner/work/hetero_cnn_llm_aha/hetero_cnn_llm_aha/work/host_command_acceptance/verilator-runtime/include/vltstd -DVM_COVERAGE=0 -DVM_SC=0 -DVM_TRACE=0 -DVM_TRACE_FST=0 -DVM_TRACE_VCD=0 -faligned-new -fcf-protection=none -Wno-bool-operation -Wno-overloaded-virtual -Wno-shadow -Wno-sign-compare -Wno-uninitialized -Wno-unused-but-set-parameter -Wno-unused-but-set-variable -Wno-unused-parameter -Wno-unused-variable     -O3 -std=c++17 -ffp-contract=off -fno-fast-math -DBLOCK_COMMON -DBLOCK_AXI -DBLOCK_IDMA -I/home/runner/work/hetero_cnn_llm_aha/hetero_cnn_llm_aha/work/host_command_acceptance/real16/generated -I/home/runner/work/hetero_cnn_llm_aha/hetero_cnn_llm_aha/chisel/continuous_prefill/tests    -c -o VQwen2SharedProductionTop___024root__DepSet_hbf5aab14__0__Slow.o VQwen2SharedProductionTop___024root__DepSet_hbf5aab14__0__Slow.cpp
g++   -I.  -MMD -I/home/runner/work/hetero_cnn_llm_aha/hetero_cnn_llm_aha/work/host_command_acceptance/verilator-runtime/include -I/home/runner/work/hetero_cnn_llm_aha/hetero_cnn_llm_aha/work/host_command_acceptance/verilator-runtime/include/vltstd -DVM_COVERAGE=0 -DVM_SC=0 -DVM_TRACE=0 -DVM_TRACE_FST=0 -DVM_TRACE_VCD=0 -faligned-new -fcf-protection=none -Wno-bool-operation -Wno-overloaded-virtual -Wno-shadow -Wno-sign-compare -Wno-uninitialized -Wno-unused-but-set-parameter -Wno-unused-but-set-variable -Wno-unused-parameter -Wno-unused-variable     -O3 -std=c++17 -ffp-contract=off -fno-fast-math -DBLOCK_COMMON -DBLOCK_AXI -DBLOCK_IDMA -I/home/runner/work/hetero_cnn_llm_aha/hetero_cnn_llm_aha/work/host_command_acceptance/real16/generated -I/home/runner/work/hetero_cnn_llm_aha/hetero_cnn_llm_aha/chisel/continuous_prefill/tests    -c -o VQwen2SharedProductionTop___024root__DepSet_hbf5aab14__1__Slow.o VQwen2SharedProductionTop___024root__DepSet_hbf5aab14__1__Slow.cpp
g++   -I.  -MMD -I/home/runner/work/hetero_cnn_llm_aha/hetero_cnn_llm_aha/work/host_command_acceptance/verilator-runtime/include -I/home/runner/work/hetero_cnn_llm_aha/hetero_cnn_llm_aha/work/host_command_acceptance/verilator-runtime/include/vltstd -DVM_COVERAGE=0 -DVM_SC=0 -DVM_TRACE=0 -DVM_TRACE_FST=0 -DVM_TRACE_VCD=0 -faligned-new -fcf-protection=none -Wno-bool-operation -Wno-overloaded-virtual -Wno-shadow -Wno-sign-compare -Wno-uninitialized -Wno-unused-but-set-parameter -Wno-unused-but-set-variable -Wno-unused-parameter -Wno-unused-variable     -O3 -std=c++17 -ffp-contract=off -fno-fast-math -DBLOCK_COMMON -DBLOCK_AXI -DBLOCK_IDMA -I/home/runner/work/hetero_cnn_llm_aha/hetero_cnn_llm_aha/work/host_command_acceptance/real16/generated -I/home/runner/work/hetero_cnn_llm_aha/hetero_cnn_llm_aha/chisel/continuous_prefill/tests    -c -o VQwen2SharedProductionTop___024root__DepSet_h30cb6ee7__0__Slow.o VQwen2SharedProductionTop___024root__DepSet_h30cb6ee7__0__Slow.cpp
g++   -I.  -MMD -I/home/runner/work/hetero_cnn_llm_aha/hetero_cnn_llm_aha/work/host_command_acceptance/verilator-runtime/include -I/home/runner/work/hetero_cnn_llm_aha/hetero_cnn_llm_aha/work/host_command_acceptance/verilator-runtime/include/vltstd -DVM_COVERAGE=0 -DVM_SC=0 -DVM_TRACE=0 -DVM_TRACE_FST=0 -DVM_TRACE_VCD=0 -faligned-new -fcf-protection=none -Wno-bool-operation -Wno-overloaded-virtual -Wno-shadow -Wno-sign-compare -Wno-uninitialized -Wno-unused-but-set-parameter -Wno-unused-but-set-variable -Wno-unused-parameter -Wno-unused-variable     -O3 -std=c++17 -ffp-contract=off -fno-fast-math -DBLOCK_COMMON -DBLOCK_AXI -DBLOCK_IDMA -I/home/runner/work/hetero_cnn_llm_aha/hetero_cnn_llm_aha/work/host_command_acceptance/real16/generated -I/home/runner/work/hetero_cnn_llm_aha/hetero_cnn_llm_aha/chisel/continuous_prefill/tests    -c -o VQwen2SharedProductionTop_idma_reg32_3d_reg_pkg__Slow.o VQwen2SharedProductionTop_idma_reg32_3d_reg_pkg__Slow.cpp
g++   -I.  -MMD -I/home/runner/work/hetero_cnn_llm_aha/hetero_cnn_llm_aha/work/host_command_acceptance/verilator-runtime/include -I/home/runner/work/hetero_cnn_llm_aha/hetero_cnn_llm_aha/work/host_command_acceptance/verilator-runtime/include/vltstd -DVM_COVERAGE=0 -DVM_SC=0 -DVM_TRACE=0 -DVM_TRACE_FST=0 -DVM_TRACE_VCD=0 -faligned-new -fcf-protection=none -Wno-bool-operation -Wno-overloaded-virtual -Wno-shadow -Wno-sign-compare -Wno-uninitialized -Wno-unused-but-set-parameter -Wno-unused-but-set-variable -Wno-unused-parameter -Wno-unused-variable     -O3 -std=c++17 -ffp-contract=off -fno-fast-math -DBLOCK_COMMON -DBLOCK_AXI -DBLOCK_IDMA -I/home/runner/work/hetero_cnn_llm_aha/hetero_cnn_llm_aha/work/host_command_acceptance/real16/generated -I/home/runner/work/hetero_cnn_llm_aha/hetero_cnn_llm_aha/chisel/continuous_prefill/tests    -c -o VQwen2SharedProductionTop_idma_reg32_3d_reg_pkg__DepSet_h3bd5ac90__0__Slow.o VQwen2SharedProductionTop_idma_reg32_3d_reg_pkg__DepSet_h3bd5ac90__0__Slow.cpp
g++   -I.  -MMD -I/home/runner/work/hetero_cnn_llm_aha/hetero_cnn_llm_aha/work/host_command_acceptance/verilator-runtime/include -I/home/runner/work/hetero_cnn_llm_aha/hetero_cnn_llm_aha/work/host_command_acceptance/verilator-runtime/include/vltstd -DVM_COVERAGE=0 -DVM_SC=0 -DVM_TRACE=0 -DVM_TRACE_FST=0 -DVM_TRACE_VCD=0 -faligned-new -fcf-protection=none -Wno-bool-operation -Wno-overloaded-virtual -Wno-shadow -Wno-sign-compare -Wno-uninitialized -Wno-unused-but-set-parameter -Wno-unused-but-set-variable -Wno-unused-parameter -Wno-unused-variable     -O3 -std=c++17 -ffp-contract=off -fno-fast-math -DBLOCK_COMMON -DBLOCK_AXI -DBLOCK_IDMA -I/home/runner/work/hetero_cnn_llm_aha/hetero_cnn_llm_aha/work/host_command_acceptance/real16/generated -I/home/runner/work/hetero_cnn_llm_aha/hetero_cnn_llm_aha/chisel/continuous_prefill/tests    -c -o VQwen2SharedProductionTop_idma_reg64_2d_reg_pkg__Slow.o VQwen2SharedProductionTop_idma_reg64_2d_reg_pkg__Slow.cpp
g++   -I.  -MMD -I/home/runner/work/hetero_cnn_llm_aha/hetero_cnn_llm_aha/work/host_command_acceptance/verilator-runtime/include -I/home/runner/work/hetero_cnn_llm_aha/hetero_cnn_llm_aha/work/host_command_acceptance/verilator-runtime/include/vltstd -DVM_COVERAGE=0 -DVM_SC=0 -DVM_TRACE=0 -DVM_TRACE_FST=0 -DVM_TRACE_VCD=0 -faligned-new -fcf-protection=none -Wno-bool-operation -Wno-overloaded-virtual -Wno-shadow -Wno-sign-compare -Wno-uninitialized -Wno-unused-but-set-parameter -Wno-unused-but-set-variable -Wno-unused-parameter -Wno-unused-variable     -O3 -std=c++17 -ffp-contract=off -fno-fast-math -DBLOCK_COMMON -DBLOCK_AXI -DBLOCK_IDMA -I/home/runner/work/hetero_cnn_llm_aha/hetero_cnn_llm_aha/work/host_command_acceptance/real16/generated -I/home/runner/work/hetero_cnn_llm_aha/hetero_cnn_llm_aha/chisel/continuous_prefill/tests    -c -o VQwen2SharedProductionTop_idma_reg64_2d_reg_pkg__DepSet_hdd491392__0__Slow.o VQwen2SharedProductionTop_idma_reg64_2d_reg_pkg__DepSet_hdd491392__0__Slow.cpp
g++   -I.  -MMD -I/home/runner/work/hetero_cnn_llm_aha/hetero_cnn_llm_aha/work/host_command_acceptance/verilator-runtime/include -I/home/runner/work/hetero_cnn_llm_aha/hetero_cnn_llm_aha/work/host_command_acceptance/verilator-runtime/include/vltstd -DVM_COVERAGE=0 -DVM_SC=0 -DVM_TRACE=0 -DVM_TRACE_FST=0 -DVM_TRACE_VCD=0 -faligned-new -fcf-protection=none -Wno-bool-operation -Wno-overloaded-virtual -Wno-shadow -Wno-sign-compare -Wno-uninitialized -Wno-unused-but-set-parameter -Wno-unused-but-set-variable -Wno-unused-parameter -Wno-unused-variable     -O3 -std=c++17 -ffp-contract=off -fno-fast-math -DBLOCK_COMMON -DBLOCK_AXI -DBLOCK_IDMA -I/home/runner/work/hetero_cnn_llm_aha/hetero_cnn_llm_aha/work/host_command_acceptance/real16/generated -I/home/runner/work/hetero_cnn_llm_aha/hetero_cnn_llm_aha/chisel/continuous_prefill/tests    -c -o VQwen2SharedProductionTop_idma_reg64_1d_reg_pkg__Slow.o VQwen2SharedProductionTop_idma_reg64_1d_reg_pkg__Slow.cpp
g++   -I.  -MMD -I/home/runner/work/hetero_cnn_llm_aha/hetero_cnn_llm_aha/work/host_command_acceptance/verilator-runtime/include -I/home/runner/work/hetero_cnn_llm_aha/hetero_cnn_llm_aha/work/host_command_acceptance/verilator-runtime/include/vltstd -DVM_COVERAGE=0 -DVM_SC=0 -DVM_TRACE=0 -DVM_TRACE_FST=0 -DVM_TRACE_VCD=0 -faligned-new -fcf-protection=none -Wno-bool-operation -Wno-overloaded-virtual -Wno-shadow -Wno-sign-compare -Wno-uninitialized -Wno-unused-but-set-parameter -Wno-unused-but-set-variable -Wno-unused-parameter -Wno-unused-variable     -O3 -std=c++17 -ffp-contract=off -fno-fast-math -DBLOCK_COMMON -DBLOCK_AXI -DBLOCK_IDMA -I/home/runner/work/hetero_cnn_llm_aha/hetero_cnn_llm_aha/work/host_command_acceptance/real16/generated -I/home/runner/work/hetero_cnn_llm_aha/hetero_cnn_llm_aha/chisel/continuous_prefill/tests    -c -o VQwen2SharedProductionTop_idma_reg64_1d_reg_pkg__DepSet_h8e7f4331__0__Slow.o VQwen2SharedProductionTop_idma_reg64_1d_reg_pkg__DepSet_h8e7f4331__0__Slow.cpp
g++   -I.  -MMD -I/home/runner/work/hetero_cnn_llm_aha/hetero_cnn_llm_aha/work/host_command_acceptance/verilator-runtime/include -I/home/runner/work/hetero_cnn_llm_aha/hetero_cnn_llm_aha/work/host_command_acceptance/verilator-runtime/include/vltstd -DVM_COVERAGE=0 -DVM_SC=0 -DVM_TRACE=0 -DVM_TRACE_FST=0 -DVM_TRACE_VCD=0 -faligned-new -fcf-protection=none -Wno-bool-operation -Wno-overloaded-virtual -Wno-shadow -Wno-sign-compare -Wno-uninitialized -Wno-unused-but-set-parameter -Wno-unused-but-set-variable -Wno-unused-parameter -Wno-unused-variable     -O3 -std=c++17 -ffp-contract=off -fno-fast-math -DBLOCK_COMMON -DBLOCK_AXI -DBLOCK_IDMA -I/home/runner/work/hetero_cnn_llm_aha/hetero_cnn_llm_aha/work/host_command_acceptance/real16/generated -I/home/runner/work/hetero_cnn_llm_aha/hetero_cnn_llm_aha/chisel/continuous_prefill/tests    -c -o VQwen2SharedProductionTop_ElementwiseMemoryEngine__Slow.o VQwen2SharedProductionTop_ElementwiseMemoryEngine__Slow.cpp
g++   -I.  -MMD -I/home/runner/work/hetero_cnn_llm_aha/hetero_cnn_llm_aha/work/host_command_acceptance/verilator-runtime/include -I/home/runner/work/hetero_cnn_llm_aha/hetero_cnn_llm_aha/work/host_command_acceptance/verilator-runtime/include/vltstd -DVM_COVERAGE=0 -DVM_SC=0 -DVM_TRACE=0 -DVM_TRACE_FST=0 -DVM_TRACE_VCD=0 -faligned-new -fcf-protection=none -Wno-bool-operation -Wno-overloaded-virtual -Wno-shadow -Wno-sign-compare -Wno-uninitialized -Wno-unused-but-set-parameter -Wno-unused-but-set-variable -Wno-unused-parameter -Wno-unused-variable     -O3 -std=c++17 -ffp-contract=off -fno-fast-math -DBLOCK_COMMON -DBLOCK_AXI -DBLOCK_IDMA -I/home/runner/work/hetero_cnn_llm_aha/hetero_cnn_llm_aha/work/host_command_acceptance/real16/generated -I/home/runner/work/hetero_cnn_llm_aha/hetero_cnn_llm_aha/chisel/continuous_prefill/tests    -c -o VQwen2SharedProductionTop_ElementwiseMemoryEngine__DepSet_h892333d8__0__Slow.o VQwen2SharedProductionTop_ElementwiseMemoryEngine__DepSet_h892333d8__0__Slow.cpp
g++   -I.  -MMD -I/home/runner/work/hetero_cnn_llm_aha/hetero_cnn_llm_aha/work/host_command_acceptance/verilator-runtime/include -I/home/runner/work/hetero_cnn_llm_aha/hetero_cnn_llm_aha/work/host_command_acceptance/verilator-runtime/include/vltstd -DVM_COVERAGE=0 -DVM_SC=0 -DVM_TRACE=0 -DVM_TRACE_FST=0 -DVM_TRACE_VCD=0 -faligned-new -fcf-protection=none -Wno-bool-operation -Wno-overloaded-virtual -Wno-shadow -Wno-sign-compare -Wno-uninitialized -Wno-unused-but-set-parameter -Wno-unused-but-set-variable -Wno-unused-parameter -Wno-unused-variable     -O3 -std=c++17 -ffp-contract=off -fno-fast-math -DBLOCK_COMMON -DBLOCK_AXI -DBLOCK_IDMA -I/home/runner/work/hetero_cnn_llm_aha/hetero_cnn_llm_aha/work/host_command_acceptance/real16/generated -I/home/runner/work/hetero_cnn_llm_aha/hetero_cnn_llm_aha/chisel/continuous_prefill/tests    -c -o VQwen2SharedProductionTop_ElementwiseMemoryEngine__DepSet_h5a9f6b4d__0__Slow.o VQwen2SharedProductionTop_ElementwiseMemoryEngine__DepSet_h5a9f6b4d__0__Slow.cpp
g++   -I.  -MMD -I/home/runner/work/hetero_cnn_llm_aha/hetero_cnn_llm_aha/work/host_command_acceptance/verilator-runtime/include -I/home/runner/work/hetero_cnn_llm_aha/hetero_cnn_llm_aha/work/host_command_acceptance/verilator-runtime/include/vltstd -DVM_COVERAGE=0 -DVM_SC=0 -DVM_TRACE=0 -DVM_TRACE_FST=0 -DVM_TRACE_VCD=0 -faligned-new -fcf-protection=none -Wno-bool-operation -Wno-overloaded-virtual -Wno-shadow -Wno-sign-compare -Wno-uninitialized -Wno-unused-but-set-parameter -Wno-unused-but-set-variable -Wno-unused-parameter -Wno-unused-variable     -O3 -std=c++17 -ffp-contract=off -fno-fast-math -DBLOCK_COMMON -DBLOCK_AXI -DBLOCK_IDMA -I/home/runner/work/hetero_cnn_llm_aha/hetero_cnn_llm_aha/work/host_command_acceptance/real16/generated -I/home/runner/work/hetero_cnn_llm_aha/hetero_cnn_llm_aha/chisel/continuous_prefill/tests    -c -o VQwen2SharedProductionTop_ElementwiseMemoryEngine__DepSet_h32fe88b4__0__Slow.o VQwen2SharedProductionTop_ElementwiseMemoryEngine__DepSet_h32fe88b4__0__Slow.cpp
g++   -I.  -MMD -I/home/runner/work/hetero_cnn_llm_aha/hetero_cnn_llm_aha/work/host_command_acceptance/verilator-runtime/include -I/home/runner/work/hetero_cnn_llm_aha/hetero_cnn_llm_aha/work/host_command_acceptance/verilator-runtime/include/vltstd -DVM_COVERAGE=0 -DVM_SC=0 -DVM_TRACE=0 -DVM_TRACE_FST=0 -DVM_TRACE_VCD=0 -faligned-new -fcf-protection=none -Wno-bool-operation -Wno-overloaded-virtual -Wno-shadow -Wno-sign-compare -Wno-uninitialized -Wno-unused-but-set-parameter -Wno-unused-but-set-variable -Wno-unused-parameter -Wno-unused-variable     -O3 -std=c++17 -ffp-contract=off -fno-fast-math -DBLOCK_COMMON -DBLOCK_AXI -DBLOCK_IDMA -I/home/runner/work/hetero_cnn_llm_aha/hetero_cnn_llm_aha/work/host_command_acceptance/real16/generated -I/home/runner/work/hetero_cnn_llm_aha/hetero_cnn_llm_aha/chisel/continuous_prefill/tests    -c -o VQwen2SharedProductionTop_idma_desc64_reg_pkg__Slow.o VQwen2SharedProductionTop_idma_desc64_reg_pkg__Slow.cpp
g++   -I.  -MMD -I/home/runner/work/hetero_cnn_llm_aha/hetero_cnn_llm_aha/work/host_command_acceptance/verilator-runtime/include -I/home/runner/work/hetero_cnn_llm_aha/hetero_cnn_llm_aha/work/host_command_acceptance/verilator-runtime/include/vltstd -DVM_COVERAGE=0 -DVM_SC=0 -DVM_TRACE=0 -DVM_TRACE_FST=0 -DVM_TRACE_VCD=0 -faligned-new -fcf-protection=none -Wno-bool-operation -Wno-overloaded-virtual -Wno-shadow -Wno-sign-compare -Wno-uninitialized -Wno-unused-but-set-parameter -Wno-unused-but-set-variable -Wno-unused-parameter -Wno-unused-variable     -O3 -std=c++17 -ffp-contract=off -fno-fast-math -DBLOCK_COMMON -DBLOCK_AXI -DBLOCK_IDMA -I/home/runner/work/hetero_cnn_llm_aha/hetero_cnn_llm_aha/work/host_command_acceptance/real16/generated -I/home/runner/work/hetero_cnn_llm_aha/hetero_cnn_llm_aha/chisel/continuous_prefill/tests    -c -o VQwen2SharedProductionTop_idma_desc64_reg_pkg__DepSet_hf10d2a7e__0__Slow.o VQwen2SharedProductionTop_idma_desc64_reg_pkg__DepSet_hf10d2a7e__0__Slow.cpp
g++   -I.  -MMD -I/home/runner/work/hetero_cnn_llm_aha/hetero_cnn_llm_aha/work/host_command_acceptance/verilator-runtime/include -I/home/runner/work/hetero_cnn_llm_aha/hetero_cnn_llm_aha/work/host_command_acceptance/verilator-runtime/include/vltstd -DVM_COVERAGE=0 -DVM_SC=0 -DVM_TRACE=0 -DVM_TRACE_FST=0 -DVM_TRACE_VCD=0 -faligned-new -fcf-protection=none -Wno-bool-operation -Wno-overloaded-virtual -Wno-shadow -Wno-sign-compare -Wno-uninitialized -Wno-unused-but-set-parameter -Wno-unused-but-set-variable -Wno-unused-parameter -Wno-unused-variable     -O3 -std=c++17 -ffp-contract=off -fno-fast-math -DBLOCK_COMMON -DBLOCK_AXI -DBLOCK_IDMA -I/home/runner/work/hetero_cnn_llm_aha/hetero_cnn_llm_aha/work/host_command_acceptance/real16/generated -I/home/runner/work/hetero_cnn_llm_aha/hetero_cnn_llm_aha/chisel/continuous_prefill/tests    -c -o VQwen2SharedProductionTop_HeteroFP32Alu__Slow.o VQwen2SharedProductionTop_HeteroFP32Alu__Slow.cpp
g++   -I.  -MMD -I/home/runner/work/hetero_cnn_llm_aha/hetero_cnn_llm_aha/work/host_command_acceptance/verilator-runtime/include -I/home/runner/work/hetero_cnn_llm_aha/hetero_cnn_llm_aha/work/host_command_acceptance/verilator-runtime/include/vltstd -DVM_COVERAGE=0 -DVM_SC=0 -DVM_TRACE=0 -DVM_TRACE_FST=0 -DVM_TRACE_VCD=0 -faligned-new -fcf-protection=none -Wno-bool-operation -Wno-overloaded-virtual -Wno-shadow -Wno-sign-compare -Wno-uninitialized -Wno-unused-but-set-parameter -Wno-unused-but-set-variable -Wno-unused-parameter -Wno-unused-variable     -O3 -std=c++17 -ffp-contract=off -fno-fast-math -DBLOCK_COMMON -DBLOCK_AXI -DBLOCK_IDMA -I/home/runner/work/hetero_cnn_llm_aha/hetero_cnn_llm_aha/work/host_command_acceptance/real16/generated -I/home/runner/work/hetero_cnn_llm_aha/hetero_cnn_llm_aha/chisel/continuous_prefill/tests    -c -o VQwen2SharedProductionTop_HeteroFP32Alu__DepSet_h68a6959f__0__Slow.o VQwen2SharedProductionTop_HeteroFP32Alu__DepSet_h68a6959f__0__Slow.cpp
g++   -I.  -MMD -I/home/runner/work/hetero_cnn_llm_aha/hetero_cnn_llm_aha/work/host_command_acceptance/verilator-runtime/include -I/home/runner/work/hetero_cnn_llm_aha/hetero_cnn_llm_aha/work/host_command_acceptance/verilator-runtime/include/vltstd -DVM_COVERAGE=0 -DVM_SC=0 -DVM_TRACE=0 -DVM_TRACE_FST=0 -DVM_TRACE_VCD=0 -faligned-new -fcf-protection=none -Wno-bool-operation -Wno-overloaded-virtual -Wno-shadow -Wno-sign-compare -Wno-uninitialized -Wno-unused-but-set-parameter -Wno-unused-but-set-variable -Wno-unused-parameter -Wno-unused-variable     -O3 -std=c++17 -ffp-contract=off -fno-fast-math -DBLOCK_COMMON -DBLOCK_AXI -DBLOCK_IDMA -I/home/runner/work/hetero_cnn_llm_aha/hetero_cnn_llm_aha/work/host_command_acceptance/real16/generated -I/home/runner/work/hetero_cnn_llm_aha/hetero_cnn_llm_aha/chisel/continuous_prefill/tests    -c -o VQwen2SharedProductionTop_HeteroFP32Alu__DepSet_h2ba8a3d4__0__Slow.o VQwen2SharedProductionTop_HeteroFP32Alu__DepSet_h2ba8a3d4__0__Slow.cpp
g++   -I.  -MMD -I/home/runner/work/hetero_cnn_llm_aha/hetero_cnn_llm_aha/work/host_command_acceptance/verilator-runtime/include -I/home/runner/work/hetero_cnn_llm_aha/hetero_cnn_llm_aha/work/host_command_acceptance/verilator-runtime/include/vltstd -DVM_COVERAGE=0 -DVM_SC=0 -DVM_TRACE=0 -DVM_TRACE_FST=0 -DVM_TRACE_VCD=0 -faligned-new -fcf-protection=none -Wno-bool-operation -Wno-overloaded-virtual -Wno-shadow -Wno-sign-compare -Wno-uninitialized -Wno-unused-but-set-parameter -Wno-unused-but-set-variable -Wno-unused-parameter -Wno-unused-variable     -O3 -std=c++17 -ffp-contract=off -fno-fast-math -DBLOCK_COMMON -DBLOCK_AXI -DBLOCK_IDMA -I/home/runner/work/hetero_cnn_llm_aha/hetero_cnn_llm_aha/work/host_command_acceptance/real16/generated -I/home/runner/work/hetero_cnn_llm_aha/hetero_cnn_llm_aha/chisel/continuous_prefill/tests    -c -o VQwen2SharedProductionTop_HeteroFP32Alu__DepSet_h2ba8a3d4__1__Slow.o VQwen2SharedProductionTop_HeteroFP32Alu__DepSet_h2ba8a3d4__1__Slow.cpp
g++   -I.  -MMD -I/home/runner/work/hetero_cnn_llm_aha/hetero_cnn_llm_aha/work/host_command_acceptance/verilator-runtime/include -I/home/runner/work/hetero_cnn_llm_aha/hetero_cnn_llm_aha/work/host_command_acceptance/verilator-runtime/include/vltstd -DVM_COVERAGE=0 -DVM_SC=0 -DVM_TRACE=0 -DVM_TRACE_FST=0 -DVM_TRACE_VCD=0 -faligned-new -fcf-protection=none -Wno-bool-operation -Wno-overloaded-virtual -Wno-shadow -Wno-sign-compare -Wno-uninitialized -Wno-unused-but-set-parameter -Wno-unused-but-set-variable -Wno-unused-parameter -Wno-unused-variable     -O3 -std=c++17 -ffp-contract=off -fno-fast-math -DBLOCK_COMMON -DBLOCK_AXI -DBLOCK_IDMA -I/home/runner/work/hetero_cnn_llm_aha/hetero_cnn_llm_aha/work/host_command_acceptance/real16/generated -I/home/runner/work/hetero_cnn_llm_aha/hetero_cnn_llm_aha/chisel/continuous_prefill/tests    -c -o VQwen2SharedProductionTop_HeteroFP32Alu__DepSet_h2ba8a3d4__2__Slow.o VQwen2SharedProductionTop_HeteroFP32Alu__DepSet_h2ba8a3d4__2__Slow.cpp
g++   -I.  -MMD -I/home/runner/work/hetero_cnn_llm_aha/hetero_cnn_llm_aha/work/host_command_acceptance/verilator-runtime/include -I/home/runner/work/hetero_cnn_llm_aha/hetero_cnn_llm_aha/work/host_command_acceptance/verilator-runtime/include/vltstd -DVM_COVERAGE=0 -DVM_SC=0 -DVM_TRACE=0 -DVM_TRACE_FST=0 -DVM_TRACE_VCD=0 -faligned-new -fcf-protection=none -Wno-bool-operation -Wno-overloaded-virtual -Wno-shadow -Wno-sign-compare -Wno-uninitialized -Wno-unused-but-set-parameter -Wno-unused-but-set-variable -Wno-unused-parameter -Wno-unused-variable     -O3 -std=c++17 -ffp-contract=off -fno-fast-math -DBLOCK_COMMON -DBLOCK_AXI -DBLOCK_IDMA -I/home/runner/work/hetero_cnn_llm_aha/hetero_cnn_llm_aha/work/host_command_acceptance/real16/generated -I/home/runner/work/hetero_cnn_llm_aha/hetero_cnn_llm_aha/chisel/continuous_prefill/tests    -c -o VQwen2SharedProductionTop_HeteroFP32Alu__DepSet_h2ba8a3d4__3__Slow.o VQwen2SharedProductionTop_HeteroFP32Alu__DepSet_h2ba8a3d4__3__Slow.cpp
g++   -I.  -MMD -I/home/runner/work/hetero_cnn_llm_aha/hetero_cnn_llm_aha/work/host_command_acceptance/verilator-runtime/include -I/home/runner/work/hetero_cnn_llm_aha/hetero_cnn_llm_aha/work/host_command_acceptance/verilator-runtime/include/vltstd -DVM_COVERAGE=0 -DVM_SC=0 -DVM_TRACE=0 -DVM_TRACE_FST=0 -DVM_TRACE_VCD=0 -faligned-new -fcf-protection=none -Wno-bool-operation -Wno-overloaded-virtual -Wno-shadow -Wno-sign-compare -Wno-uninitialized -Wno-unused-but-set-parameter -Wno-unused-but-set-variable -Wno-unused-parameter -Wno-unused-variable     -O3 -std=c++17 -ffp-contract=off -fno-fast-math -DBLOCK_COMMON -DBLOCK_AXI -DBLOCK_IDMA -I/home/runner/work/hetero_cnn_llm_aha/hetero_cnn_llm_aha/work/host_command_acceptance/real16/generated -I/home/runner/work/hetero_cnn_llm_aha/hetero_cnn_llm_aha/chisel/continuous_prefill/tests    -c -o VQwen2SharedProductionTop_banks_bank_2240x128__Slow.o VQwen2SharedProductionTop_banks_bank_2240x128__Slow.cpp
g++   -I.  -MMD -I/home/runner/work/hetero_cnn_llm_aha/hetero_cnn_llm_aha/work/host_command_acceptance/verilator-runtime/include -I/home/runner/work/hetero_cnn_llm_aha/hetero_cnn_llm_aha/work/host_command_acceptance/verilator-runtime/include/vltstd -DVM_COVERAGE=0 -DVM_SC=0 -DVM_TRACE=0 -DVM_TRACE_FST=0 -DVM_TRACE_VCD=0 -faligned-new -fcf-protection=none -Wno-bool-operation -Wno-overloaded-virtual -Wno-shadow -Wno-sign-compare -Wno-uninitialized -Wno-unused-but-set-parameter -Wno-unused-but-set-variable -Wno-unused-parameter -Wno-unused-variable     -O3 -std=c++17 -ffp-contract=off -fno-fast-math -DBLOCK_COMMON -DBLOCK_AXI -DBLOCK_IDMA -I/home/runner/work/hetero_cnn_llm_aha/hetero_cnn_llm_aha/work/host_command_acceptance/real16/generated -I/home/runner/work/hetero_cnn_llm_aha/hetero_cnn_llm_aha/chisel/continuous_prefill/tests    -c -o VQwen2SharedProductionTop_banks_bank_2240x128__DepSet_h988ad5c8__0__Slow.o VQwen2SharedProductionTop_banks_bank_2240x128__DepSet_h988ad5c8__0__Slow.cpp
g++   -I.  -MMD -I/home/runner/work/hetero_cnn_llm_aha/hetero_cnn_llm_aha/work/host_command_acceptance/verilator-runtime/include -I/home/runner/work/hetero_cnn_llm_aha/hetero_cnn_llm_aha/work/host_command_acceptance/verilator-runtime/include/vltstd -DVM_COVERAGE=0 -DVM_SC=0 -DVM_TRACE=0 -DVM_TRACE_FST=0 -DVM_TRACE_VCD=0 -faligned-new -fcf-protection=none -Wno-bool-operation -Wno-overloaded-virtual -Wno-shadow -Wno-sign-compare -Wno-uninitialized -Wno-unused-but-set-parameter -Wno-unused-but-set-variable -Wno-unused-parameter -Wno-unused-variable     -O3 -std=c++17 -ffp-contract=off -fno-fast-math -DBLOCK_COMMON -DBLOCK_AXI -DBLOCK_IDMA -I/home/runner/work/hetero_cnn_llm_aha/hetero_cnn_llm_aha/work/host_command_acceptance/real16/generated -I/home/runner/work/hetero_cnn_llm_aha/hetero_cnn_llm_aha/chisel/continuous_prefill/tests    -c -o VQwen2SharedProductionTop_banks_bank_48x128__Slow.o VQwen2SharedProductionTop_banks_bank_48x128__Slow.cpp
g++   -I.  -MMD -I/home/runner/work/hetero_cnn_llm_aha/hetero_cnn_llm_aha/work/host_command_acceptance/verilator-runtime/include -I/home/runner/work/hetero_cnn_llm_aha/hetero_cnn_llm_aha/work/host_command_acceptance/verilator-runtime/include/vltstd -DVM_COVERAGE=0 -DVM_SC=0 -DVM_TRACE=0 -DVM_TRACE_FST=0 -DVM_TRACE_VCD=0 -faligned-new -fcf-protection=none -Wno-bool-operation -Wno-overloaded-virtual -Wno-shadow -Wno-sign-compare -Wno-uninitialized -Wno-unused-but-set-parameter -Wno-unused-but-set-variable -Wno-unused-parameter -Wno-unused-variable     -O3 -std=c++17 -ffp-contract=off -fno-fast-math -DBLOCK_COMMON -DBLOCK_AXI -DBLOCK_IDMA -I/home/runner/work/hetero_cnn_llm_aha/hetero_cnn_llm_aha/work/host_command_acceptance/real16/generated -I/home/runner/work/hetero_cnn_llm_aha/hetero_cnn_llm_aha/chisel/continuous_prefill/tests    -c -o VQwen2SharedProductionTop_banks_bank_48x128__DepSet_hbab36f06__0__Slow.o VQwen2SharedProductionTop_banks_bank_48x128__DepSet_hbab36f06__0__Slow.cpp
g++   -I.  -MMD -I/home/runner/work/hetero_cnn_llm_aha/hetero_cnn_llm_aha/work/host_command_acceptance/verilator-runtime/include -I/home/runner/work/hetero_cnn_llm_aha/hetero_cnn_llm_aha/work/host_command_acceptance/verilator-runtime/include/vltstd -DVM_COVERAGE=0 -DVM_SC=0 -DVM_TRACE=0 -DVM_TRACE_FST=0 -DVM_TRACE_VCD=0 -faligned-new -fcf-protection=none -Wno-bool-operation -Wno-overloaded-virtual -Wno-shadow -Wno-sign-compare -Wno-uninitialized -Wno-unused-but-set-parameter -Wno-unused-but-set-variable -Wno-unused-parameter -Wno-unused-variable     -O3 -std=c++17 -ffp-contract=off -fno-fast-math -DBLOCK_COMMON -DBLOCK_AXI -DBLOCK_IDMA -I/home/runner/work/hetero_cnn_llm_aha/hetero_cnn_llm_aha/work/host_command_acceptance/real16/generated -I/home/runner/work/hetero_cnn_llm_aha/hetero_cnn_llm_aha/chisel/continuous_prefill/tests    -c -o VQwen2SharedProductionTop_bf16_context_lane_cluster16_rev8b_b_candidate__Slow.o VQwen2SharedProductionTop_bf16_context_lane_cluster16_rev8b_b_candidate__Slow.cpp
g++   -I.  -MMD -I/home/runner/work/hetero_cnn_llm_aha/hetero_cnn_llm_aha/work/host_command_acceptance/verilator-runtime/include -I/home/runner/work/hetero_cnn_llm_aha/hetero_cnn_llm_aha/work/host_command_acceptance/verilator-runtime/include/vltstd -DVM_COVERAGE=0 -DVM_SC=0 -DVM_TRACE=0 -DVM_TRACE_FST=0 -DVM_TRACE_VCD=0 -faligned-new -fcf-protection=none -Wno-bool-operation -Wno-overloaded-virtual -Wno-shadow -Wno-sign-compare -Wno-uninitialized -Wno-unused-but-set-parameter -Wno-unused-but-set-variable -Wno-unused-parameter -Wno-unused-variable     -O3 -std=c++17 -ffp-contract=off -fno-fast-math -DBLOCK_COMMON -DBLOCK_AXI -DBLOCK_IDMA -I/home/runner/work/hetero_cnn_llm_aha/hetero_cnn_llm_aha/work/host_command_acceptance/real16/generated -I/home/runner/work/hetero_cnn_llm_aha/hetero_cnn_llm_aha/chisel/continuous_prefill/tests    -c -o VQwen2SharedProductionTop_bf16_context_lane_cluster16_rev8b_b_candidate__DepSet_h34f93741__0__Slow.o VQwen2SharedProductionTop_bf16_context_lane_cluster16_rev8b_b_candidate__DepSet_h34f93741__0__Slow.cpp
g++   -I.  -MMD -I/home/runner/work/hetero_cnn_llm_aha/hetero_cnn_llm_aha/work/host_command_acceptance/verilator-runtime/include -I/home/runner/work/hetero_cnn_llm_aha/hetero_cnn_llm_aha/work/host_command_acceptance/verilator-runtime/include/vltstd -DVM_COVERAGE=0 -DVM_SC=0 -DVM_TRACE=0 -DVM_TRACE_FST=0 -DVM_TRACE_VCD=0 -faligned-new -fcf-protection=none -Wno-bool-operation -Wno-overloaded-virtual -Wno-shadow -Wno-sign-compare -Wno-uninitialized -Wno-unused-but-set-parameter -Wno-unused-but-set-variable -Wno-unused-parameter -Wno-unused-variable     -O3 -std=c++17 -ffp-contract=off -fno-fast-math -DBLOCK_COMMON -DBLOCK_AXI -DBLOCK_IDMA -I/home/runner/work/hetero_cnn_llm_aha/hetero_cnn_llm_aha/work/host_command_acceptance/real16/generated -I/home/runner/work/hetero_cnn_llm_aha/hetero_cnn_llm_aha/chisel/continuous_prefill/tests    -c -o VQwen2SharedProductionTop_bf16_context_lane_cluster16_rev8b_b_candidate__DepSet_hbc2c0b1c__0__Slow.o VQwen2SharedProductionTop_bf16_context_lane_cluster16_rev8b_b_candidate__DepSet_hbc2c0b1c__0__Slow.cpp
g++   -I.  -MMD -I/home/runner/work/hetero_cnn_llm_aha/hetero_cnn_llm_aha/work/host_command_acceptance/verilator-runtime/include -I/home/runner/work/hetero_cnn_llm_aha/hetero_cnn_llm_aha/work/host_command_acceptance/verilator-runtime/include/vltstd -DVM_COVERAGE=0 -DVM_SC=0 -DVM_TRACE=0 -DVM_TRACE_FST=0 -DVM_TRACE_VCD=0 -faligned-new -fcf-protection=none -Wno-bool-operation -Wno-overloaded-virtual -Wno-shadow -Wno-sign-compare -Wno-uninitialized -Wno-unused-but-set-parameter -Wno-unused-but-set-variable -Wno-unused-parameter -Wno-unused-variable     -O3 -std=c++17 -ffp-contract=off -fno-fast-math -DBLOCK_COMMON -DBLOCK_AXI -DBLOCK_IDMA -I/home/runner/work/hetero_cnn_llm_aha/hetero_cnn_llm_aha/work/host_command_acceptance/real16/generated -I/home/runner/work/hetero_cnn_llm_aha/hetero_cnn_llm_aha/chisel/continuous_prefill/tests    -c -o VQwen2SharedProductionTop__Syms.o VQwen2SharedProductionTop__Syms.cpp
Archive ar -rcs VQwen2SharedProductionTop__ALL.a VQwen2SharedProductionTop.o VQwen2SharedProductionTop___024root__DepSet_hbf5aab14__0.o VQwen2SharedProductionTop___024root__DepSet_hbf5aab14__1.o VQwen2SharedProductionTop___024root__DepSet_hbf5aab14__2.o VQwen2SharedProductionTop___024root__DepSet_hbf5aab14__3.o VQwen2SharedProductionTop___024root__DepSet_h30cb6ee7__0.o VQwen2SharedProductionTop___024root__DepSet_h30cb6ee7__1.o VQwen2SharedProductionTop_idma_reg32_3d_reg_pkg__DepSet_h3bd5ac90__0.o VQwen2SharedProductionTop_idma_reg64_2d_reg_pkg__DepSet_hdd491392__0.o VQwen2SharedProductionTop_idma_reg64_1d_reg_pkg__DepSet_h8e7f4331__0.o VQwen2SharedProductionTop_ElementwiseMemoryEngine__DepSet_he75ebc7a__0.o VQwen2SharedProductionTop_ElementwiseMemoryEngine__DepSet_h23a97654__0.o VQwen2SharedProductionTop_idma_desc64_reg_pkg__DepSet_hf10d2a7e__0.o VQwen2SharedProductionTop_HeteroFP32Alu__DepSet_h2ba8a3d4__0.o VQwen2SharedProductionTop_HeteroFP32Alu__DepSet_h2ba8a3d4__1.o VQwen2SharedProductionTop_HeteroFP32Alu__DepSet_h2ba8a3d4__2.o VQwen2SharedProductionTop_HeteroFP32Alu__DepSet_h2ba8a3d4__3.o VQwen2SharedProductionTop_HeteroFP32Alu__DepSet_h2ba8a3d4__4.o VQwen2SharedProductionTop_HeteroFP32Alu__DepSet_h2ba8a3d4__5.o VQwen2SharedProductionTop_HeteroFP32Alu__DepSet_h2ba8a3d4__6.o VQwen2SharedProductionTop_banks_bank_2240x128__DepSet_h571bc035__0.o VQwen2SharedProductionTop_banks_bank_48x128__DepSet_h3572ab6b__0.o VQwen2SharedProductionTop_banks_bank_48x128__DepSet_h3572ab6b__1.o VQwen2SharedProductionTop_bf16_context_lane_cluster16_rev8b_b_candidate__DepSet_h34f93741__0.o VQwen2SharedProductionTop_bf16_context_lane_cluster16_rev8b_b_candidate__DepSet_h34f93741__1.o VQwen2SharedProductionTop_bf16_context_lane_cluster16_rev8b_b_candidate__DepSet_hbc2c0b1c__0.o VQwen2SharedProductionTop__Dpi.o VQwen2SharedProductionTop__ConstPool_0.o VQwen2SharedProductionTop___024root__Slow.o VQwen2SharedProductionTop___024root__DepSet_hbf5aab14__0__Slow.o VQwen2SharedProductionTop___024root__DepSet_hbf5aab14__1__Slow.o VQwen2SharedProductionTop___024root__DepSet_h30cb6ee7__0__Slow.o VQwen2SharedProductionTop_idma_reg32_3d_reg_pkg__Slow.o VQwen2SharedProductionTop_idma_reg32_3d_reg_pkg__DepSet_h3bd5ac90__0__Slow.o VQwen2SharedProductionTop_idma_reg64_2d_reg_pkg__Slow.o VQwen2SharedProductionTop_idma_reg64_2d_reg_pkg__DepSet_hdd491392__0__Slow.o VQwen2SharedProductionTop_idma_reg64_1d_reg_pkg__Slow.o VQwen2SharedProductionTop_idma_reg64_1d_reg_pkg__DepSet_h8e7f4331__0__Slow.o VQwen2SharedProductionTop_ElementwiseMemoryEngine__Slow.o VQwen2SharedProductionTop_ElementwiseMemoryEngine__DepSet_h892333d8__0__Slow.o VQwen2SharedProductionTop_ElementwiseMemoryEngine__DepSet_h5a9f6b4d__0__Slow.o VQwen2SharedProductionTop_ElementwiseMemoryEngine__DepSet_h32fe88b4__0__Slow.o VQwen2SharedProductionTop_idma_desc64_reg_pkg__Slow.o VQwen2SharedProductionTop_idma_desc64_reg_pkg__DepSet_hf10d2a7e__0__Slow.o VQwen2SharedProductionTop_HeteroFP32Alu__Slow.o VQwen2SharedProductionTop_HeteroFP32Alu__DepSet_h68a6959f__0__Slow.o VQwen2SharedProductionTop_HeteroFP32Alu__DepSet_h2ba8a3d4__0__Slow.o VQwen2SharedProductionTop_HeteroFP32Alu__DepSet_h2ba8a3d4__1__Slow.o VQwen2SharedProductionTop_HeteroFP32Alu__DepSet_h2ba8a3d4__2__Slow.o VQwen2SharedProductionTop_HeteroFP32Alu__DepSet_h2ba8a3d4__3__Slow.o VQwen2SharedProductionTop_banks_bank_2240x128__Slow.o VQwen2SharedProductionTop_banks_bank_2240x128__DepSet_h988ad5c8__0__Slow.o VQwen2SharedProductionTop_banks_bank_48x128__Slow.o VQwen2SharedProductionTop_banks_bank_48x128__DepSet_hbab36f06__0__Slow.o VQwen2SharedProductionTop_bf16_context_lane_cluster16_rev8b_b_candidate__Slow.o VQwen2SharedProductionTop_bf16_context_lane_cluster16_rev8b_b_candidate__DepSet_h34f93741__0__Slow.o VQwen2SharedProductionTop_bf16_context_lane_cluster16_rev8b_b_candidate__DepSet_hbc2c0b1c__0__Slow.o VQwen2SharedProductionTop__Syms.o Vbf16_context_lane_cluster16_rev8b_b_candidate/libbf16_context_lane_cluster16_rev8b_b_candidate.a
g++     shared_production_commands.o verilated.o verilated_dpi.o verilated_threads.o VQwen2SharedProductionTop__ALL.a Vbf16_context_lane_cluster16_rev8b_b_candidate/libbf16_context_lane_cluster16_rev8b_b_candidate.a    -pthread -lpthread -latomic   -o VQwen2SharedProductionTop
rm VQwen2SharedProductionTop__ALL.verilator_deplist.tmp
make[1]: Leaving directory '/home/runner/work/hetero_cnn_llm_aha/hetero_cnn_llm_aha/work/host_command_acceptance/real16/obj'
make: Leaving directory '/home/runner/work/hetero_cnn_llm_aha/hetero_cnn_llm_aha/work/host_command_acceptance/real16/obj'
