%Warning-PINMISSING: /home/runner/work/hetero_cnn_llm_aha/hetero_cnn_llm_aha/work/pipeline_upstream/idma_export/deps/axi_stream/src/axi_stream_cut.sv:41:5: Cell has missing pin: 'clr_i'
   41 |   ) i_spill_register_stream (
      |     ^~~~~~~~~~~~~~~~~~~~~~~
                     ... For warning description see https://verilator.org/warn/PINMISSING?v=5.020
                     ... Use "/* verilator lint_off PINMISSING */" and lint_on around source to disable this message.
%Warning-TIMESCALEMOD: /home/runner/work/hetero_cnn_llm_aha/hetero_cnn_llm_aha/rtl/integration/qwen2_matrix_command_endpoint.sv:2:8: Timescale missing on this module as other modules have it (IEEE 1800-2017 3.14.2.3)
    2 | module qwen2_matrix_command_endpoint(
      |        ^~~~~~~~~~~~~~~~~~~~~~~~~~~~~
                       /home/runner/work/hetero_cnn_llm_aha/hetero_cnn_llm_aha/rtl/matrix/bf16_outer_product_array_glue512.sv:4:8: ... Location of module with timescale
    4 | module bf16_outer_product_array_glue512 (
      |        ^~~~~~~~~~~~~~~~~~~~~~~~~~~~~~~~
%Warning-WIDTHEXPAND: /home/runner/work/hetero_cnn_llm_aha/hetero_cnn_llm_aha/work/pipeline_upstream/idma_export/idma/target/rtl/idma_generated.sv:8283:28: Operator VAR 'BurstLen' expects 32 bits on the Initial value, but Initial value's CONST '4'h8' generates 4 bits.
                                                                                                                                                          : ... note: In instance 'StreamingDenseProbe.dma.backend.u_backend'
 8283 |     parameter int unsigned BurstLen = 4'd8,
      |                            ^~~~~~~~
make: Entering directory '/home/runner/work/hetero_cnn_llm_aha/hetero_cnn_llm_aha/work/pipeline_components/StreamingDense/obj'
make[1]: Entering directory '/home/runner/work/hetero_cnn_llm_aha/hetero_cnn_llm_aha'
/usr/bin/verilator -f /home/runner/work/hetero_cnn_llm_aha/hetero_cnn_llm_aha/work/pipeline_components/StreamingDense/obj/Vbf16_context_lane_cluster16_rev8b_b_candidate__hierMkArgs.f
%Warning-PINMISSING: /home/runner/work/hetero_cnn_llm_aha/hetero_cnn_llm_aha/work/pipeline_upstream/idma_export/deps/axi_stream/src/axi_stream_cut.sv:41:5: Cell has missing pin: 'clr_i'
   41 |   ) i_spill_register_stream (
      |     ^~~~~~~~~~~~~~~~~~~~~~~
                     ... For warning description see https://verilator.org/warn/PINMISSING?v=5.020
                     ... Use "/* verilator lint_off PINMISSING */" and lint_on around source to disable this message.
%Warning-TIMESCALEMOD: /home/runner/work/hetero_cnn_llm_aha/hetero_cnn_llm_aha/rtl/integration/qwen2_matrix_command_endpoint.sv:2:8: Timescale missing on this module as other modules have it (IEEE 1800-2017 3.14.2.3)
    2 | module qwen2_matrix_command_endpoint(
      |        ^~~~~~~~~~~~~~~~~~~~~~~~~~~~~
                       /home/runner/work/hetero_cnn_llm_aha/hetero_cnn_llm_aha/rtl/matrix/bf16_outer_product_array_glue512.sv:4:8: ... Location of module with timescale
    4 | module bf16_outer_product_array_glue512 (
      |        ^~~~~~~~~~~~~~~~~~~~~~~~~~~~~~~~
%Warning-WIDTHEXPAND: /home/runner/work/hetero_cnn_llm_aha/hetero_cnn_llm_aha/work/pipeline_upstream/idma_export/deps/axi/src/axi_pkg.sv:203:77: Operator DIV expects 144 bits on the LHS, but LHS's VARREF '_addr' generates 128 bits.
                                                                                                                                               : ... note: In instance 'bf16_context_lane_cluster16_rev8b_b_candidate.g_lane[15].u_lane.u_round.round'
  203 |     return shortint'(($bits(_addr)  + $bits(strobe_width))'(_addr) - (_addr / largest_addr_t'(strobe_width)) * strobe_width);
      |                                                                             ^
%Warning-WIDTHEXPAND: /home/runner/work/hetero_cnn_llm_aha/hetero_cnn_llm_aha/work/pipeline_upstream/idma_export/deps/axi/src/axi_pkg.sv:203:77: Operator DIV expects 144 bits on the RHS, but RHS's CASTWRAP generates 128 bits.
                                                                                                                                               : ... note: In instance 'bf16_context_lane_cluster16_rev8b_b_candidate.g_lane[15].u_lane.u_round.round'
  203 |     return shortint'(($bits(_addr)  + $bits(strobe_width))'(_addr) - (_addr / largest_addr_t'(strobe_width)) * strobe_width);
      |                                                                             ^
make[1]: Leaving directory '/home/runner/work/hetero_cnn_llm_aha/hetero_cnn_llm_aha'
make[1]: Entering directory '/home/runner/work/hetero_cnn_llm_aha/hetero_cnn_llm_aha'
/usr/bin/verilator -f /home/runner/work/hetero_cnn_llm_aha/hetero_cnn_llm_aha/work/pipeline_components/StreamingDense/obj/Vqwen2_matrix_command_endpoint__hierMkArgs.f
%Warning-PINMISSING: /home/runner/work/hetero_cnn_llm_aha/hetero_cnn_llm_aha/work/pipeline_upstream/idma_export/deps/axi_stream/src/axi_stream_cut.sv:41:5: Cell has missing pin: 'clr_i'
   41 |   ) i_spill_register_stream (
      |     ^~~~~~~~~~~~~~~~~~~~~~~
                     ... For warning description see https://verilator.org/warn/PINMISSING?v=5.020
                     ... Use "/* verilator lint_off PINMISSING */" and lint_on around source to disable this message.
%Warning-TIMESCALEMOD: /home/runner/work/hetero_cnn_llm_aha/hetero_cnn_llm_aha/rtl/integration/qwen2_matrix_command_endpoint.sv:2:8: Timescale missing on this module as other modules have it (IEEE 1800-2017 3.14.2.3)
    2 | module qwen2_matrix_command_endpoint(
      |        ^~~~~~~~~~~~~~~~~~~~~~~~~~~~~
                       /home/runner/work/hetero_cnn_llm_aha/hetero_cnn_llm_aha/work/pipeline_components/StreamingDense/obj/Vbf16_context_lane_cluster16_rev8b_b_candidate/bf16_context_lane_cluster16_rev8b_b_candidate.sv:6:8: ... Location of module with timescale
    6 | module bf16_context_lane_cluster16_rev8b_b_candidate (
      |        ^~~~~~~~~~~~~~~~~~~~~~~~~~~~~~~~~~~~~~~~~~~~~
%Warning-WIDTHEXPAND: /home/runner/work/hetero_cnn_llm_aha/hetero_cnn_llm_aha/work/pipeline_upstream/idma_export/deps/axi/src/axi_pkg.sv:203:77: Operator DIV expects 144 bits on the LHS, but LHS's VARREF '_addr' generates 128 bits.
                                                                                                                                               : ... note: In instance 'qwen2_matrix_command_endpoint.matrix.g_production.front_control.tags'
  203 |     return shortint'(($bits(_addr)  + $bits(strobe_width))'(_addr) - (_addr / largest_addr_t'(strobe_width)) * strobe_width);
      |                                                                             ^
%Warning-WIDTHEXPAND: /home/runner/work/hetero_cnn_llm_aha/hetero_cnn_llm_aha/work/pipeline_upstream/idma_export/deps/axi/src/axi_pkg.sv:203:77: Operator DIV expects 144 bits on the RHS, but RHS's CASTWRAP generates 128 bits.
                                                                                                                                               : ... note: In instance 'qwen2_matrix_command_endpoint.matrix.g_production.front_control.tags'
  203 |     return shortint'(($bits(_addr)  + $bits(strobe_width))'(_addr) - (_addr / largest_addr_t'(strobe_width)) * strobe_width);
      |                                                                             ^
make[1]: Leaving directory '/home/runner/work/hetero_cnn_llm_aha/hetero_cnn_llm_aha'
make[1]: Entering directory '/home/runner/work/hetero_cnn_llm_aha/hetero_cnn_llm_aha'
/usr/bin/verilator -f /home/runner/work/hetero_cnn_llm_aha/hetero_cnn_llm_aha/work/pipeline_components/StreamingDense/obj/VStreamingDenseProbe__hierMkArgs.f
%Warning-PINMISSING: /home/runner/work/hetero_cnn_llm_aha/hetero_cnn_llm_aha/work/pipeline_upstream/idma_export/deps/axi_stream/src/axi_stream_cut.sv:41:5: Cell has missing pin: 'clr_i'
   41 |   ) i_spill_register_stream (
      |     ^~~~~~~~~~~~~~~~~~~~~~~
                     ... For warning description see https://verilator.org/warn/PINMISSING?v=5.020
                     ... Use "/* verilator lint_off PINMISSING */" and lint_on around source to disable this message.
%Warning-WIDTHEXPAND: /home/runner/work/hetero_cnn_llm_aha/hetero_cnn_llm_aha/work/pipeline_upstream/idma_export/idma/target/rtl/idma_generated.sv:8283:28: Operator VAR 'BurstLen' expects 32 bits on the Initial value, but Initial value's CONST '4'h8' generates 4 bits.
                                                                                                                                                          : ... note: In instance 'StreamingDenseProbe.dma.backend.u_backend'
 8283 |     parameter int unsigned BurstLen = 4'd8,
      |                            ^~~~~~~~
%Warning-WIDTHEXPAND: /home/runner/work/hetero_cnn_llm_aha/hetero_cnn_llm_aha/work/pipeline_upstream/idma_export/deps/common_cells/src/cc_passthrough_stream_fifo.sv:81:50: Operator EQ expects 32 bits on the LHS, but LHS's SEL generates 2 bits.
                                                                                                                                                                          : ... note: In instance 'StreamingDenseProbe.dma.backend.u_backend.i_idma_transport_layer.i_dataflow_element.gen_fifo_buffer[0].i_passthrough_stream_fifo'
   81 |                 if (read_ptr_q[PointerWidth-2:0] == (Depth-1)) begin
      |                                                  ^~
%Warning-WIDTHEXPAND: /home/runner/work/hetero_cnn_llm_aha/hetero_cnn_llm_aha/work/pipeline_upstream/idma_export/deps/common_cells/src/cc_passthrough_stream_fifo.sv:100:51: Operator EQ expects 32 bits on the LHS, but LHS's SEL generates 2 bits.
                                                                                                                                                                           : ... note: In instance 'StreamingDenseProbe.dma.backend.u_backend.i_idma_transport_layer.i_dataflow_element.gen_fifo_buffer[0].i_passthrough_stream_fifo'
  100 |                 if (write_ptr_q[PointerWidth-2:0] == (Depth-1)) begin
      |                                                   ^~
%Warning-WIDTHEXPAND: /home/runner/work/hetero_cnn_llm_aha/hetero_cnn_llm_aha/work/pipeline_upstream/idma_export/idma/src/backend/idma_axi_write.sv:125:44: Operator SUB expects 32 bits on the RHS, but RHS's SEL generates 6 bits.
                                                                                                                                                          : ... note: In instance 'StreamingDenseProbe.dma.backend.u_backend.i_idma_transport_layer.i_idma_axi_write'
  125 |     assign w_last_mask  = '1 >> (StrbWidth - w_dp_req_i.tailer);
      |                                            ^
%Warning-WIDTHEXPAND: /home/runner/work/hetero_cnn_llm_aha/hetero_cnn_llm_aha/work/pipeline_upstream/idma_export/idma/src/backend/idma_axi_read.sv:101:44: Operator SUB expects 32 bits on the RHS, but RHS's SEL generates 6 bits.
                                                                                                                                                         : ... note: In instance 'StreamingDenseProbe.dma.backend.u_backend.i_idma_transport_layer.i_idma_axi_read'
  101 |     assign r_last_mask  = '1 >> (StrbWidth - r_dp_req_i.tailer);
      |                                            ^
%Warning-WIDTHTRUNC: /home/runner/work/hetero_cnn_llm_aha/hetero_cnn_llm_aha/work/pipeline_upstream/idma_export/idma/src/backend/idma_legalizer_page_splitter.sv:34:29: Operator ASSIGN expects 4 bits on the Assign RHS, but Assign RHS's VARREF 'OffsetWidth' generates 32 bits.
                                                                                                                                                                      : ... note: In instance 'StreamingDenseProbe.dma.backend.u_backend.gen_hw_legalizer.i_idma_legalizer.i_read_page_splitter'
   34 |             page_addr_width = OffsetWidth;
      |                             ^
%Warning-WIDTHEXPAND: /home/runner/work/hetero_cnn_llm_aha/hetero_cnn_llm_aha/work/pipeline_upstream/idma_export/idma/src/backend/idma_legalizer_page_splitter.sv:38:59: Operator COND expects 32 bits on the Conditional True, but Conditional True's VARREF 'max_llen_i' generates 3 bits.
                                                                                                                                                                       : ... note: In instance 'StreamingDenseProbe.dma.backend.u_backend.gen_hw_legalizer.i_idma_legalizer.i_read_page_splitter'
   38 |             page_addr_width = OffsetWidth + (reduce_len_i ? max_llen_i : BurstLen);
      |                                                           ^
%Warning-WIDTHTRUNC: /home/runner/work/hetero_cnn_llm_aha/hetero_cnn_llm_aha/work/pipeline_upstream/idma_export/idma/src/backend/idma_legalizer_page_splitter.sv:38:29: Operator ASSIGN expects 4 bits on the Assign RHS, but Assign RHS's ADD generates 32 bits.
                                                                                                                                                                      : ... note: In instance 'StreamingDenseProbe.dma.backend.u_backend.gen_hw_legalizer.i_idma_legalizer.i_read_page_splitter'
   38 |             page_addr_width = OffsetWidth + (reduce_len_i ? max_llen_i : BurstLen);
      |                             ^
%Warning-WIDTHEXPAND: /home/runner/work/hetero_cnn_llm_aha/hetero_cnn_llm_aha/work/pipeline_upstream/idma_export/idma/src/backend/idma_legalizer_page_splitter.sv:54:46: Operator GT expects 32 bits on the LHS, but LHS's VARREF 'page_addr_width' generates 4 bits.
                                                                                                                                                                       : ... note: In instance 'StreamingDenseProbe.dma.backend.u_backend.gen_hw_legalizer.i_idma_legalizer.i_read_page_splitter'
   54 |             page_offset[i] = page_addr_width > i ? addr_i[i] : 1'b0;
      |                                              ^
%Warning-WIDTHEXPAND: /home/runner/work/hetero_cnn_llm_aha/hetero_cnn_llm_aha/work/pipeline_upstream/idma_export/idma/target/rtl/idma_generated.sv:4111:43: Operator SUB expects 32 bits on the RHS, but RHS's VARREF 'r_num_bytes_possible' generates 13 bits.
                                                                                                                                                          : ... note: In instance 'StreamingDenseProbe.dma.backend.u_backend.gen_hw_legalizer.i_idma_legalizer'
 4111 |             r_tf_d.length = r_tf_q.length - r_num_bytes_possible;
      |                                           ^
%Warning-WIDTHEXPAND: /home/runner/work/hetero_cnn_llm_aha/hetero_cnn_llm_aha/work/pipeline_upstream/idma_export/idma/target/rtl/idma_generated.sv:4113:39: Operator ADD expects 64 bits on the RHS, but RHS's VARREF 'r_num_bytes' generates 13 bits.
                                                                                                                                                          : ... note: In instance 'StreamingDenseProbe.dma.backend.u_backend.gen_hw_legalizer.i_idma_legalizer'
 4113 |             r_tf_d.addr = r_tf_q.addr + r_num_bytes;
      |                                       ^
%Warning-WIDTHEXPAND: /home/runner/work/hetero_cnn_llm_aha/hetero_cnn_llm_aha/work/pipeline_upstream/idma_export/idma/target/rtl/idma_generated.sv:4130:43: Operator SUB expects 32 bits on the RHS, but RHS's VARREF 'w_num_bytes_possible' generates 13 bits.
                                                                                                                                                          : ... note: In instance 'StreamingDenseProbe.dma.backend.u_backend.gen_hw_legalizer.i_idma_legalizer'
 4130 |             w_tf_d.length = w_tf_q.length - w_num_bytes_possible;
      |                                           ^
%Warning-WIDTHEXPAND: /home/runner/work/hetero_cnn_llm_aha/hetero_cnn_llm_aha/work/pipeline_upstream/idma_export/idma/target/rtl/idma_generated.sv:4132:39: Operator ADD expects 64 bits on the RHS, but RHS's VARREF 'w_num_bytes' generates 13 bits.
                                                                                                                                                          : ... note: In instance 'StreamingDenseProbe.dma.backend.u_backend.gen_hw_legalizer.i_idma_legalizer'
 4132 |             w_tf_d.addr = w_tf_q.addr + w_num_bytes;
      |                                       ^
%Warning-WIDTHEXPAND: /home/runner/work/hetero_cnn_llm_aha/hetero_cnn_llm_aha/work/pipeline_upstream/idma_export/idma/target/rtl/idma_generated.sv:4241:32: Operator ADD expects 32 or 13 bits on the RHS, but RHS's VARREF 'r_addr_offset' generates 6 bits.
                                                                                                                                                          : ... note: In instance 'StreamingDenseProbe.dma.backend.u_backend.gen_hw_legalizer.i_idma_legalizer'
 4241 |             len: ((r_num_bytes + r_addr_offset - 'd1) >> OffsetWidth),
      |                                ^
%Warning-WIDTHTRUNC: /home/runner/work/hetero_cnn_llm_aha/hetero_cnn_llm_aha/work/pipeline_upstream/idma_export/idma/target/rtl/idma_generated.sv:4241:13: Operator PATMEMBER expects 8 bits on the Pattern value, but Pattern value's SHIFTR generates 32 or 13 bits.
                                                                                                                                                         : ... note: In instance 'StreamingDenseProbe.dma.backend.u_backend.gen_hw_legalizer.i_idma_legalizer'
 4241 |             len: ((r_num_bytes + r_addr_offset - 'd1) >> OffsetWidth),
      |             ^~~
%Warning-WIDTHEXPAND: /home/runner/work/hetero_cnn_llm_aha/hetero_cnn_llm_aha/work/pipeline_upstream/idma_export/idma/target/rtl/idma_generated.sv:4258:48: Operator ADD expects 13 bits on the RHS, but RHS's VARREF 'r_addr_offset' generates 6 bits.
                                                                                                                                                          : ... note: In instance 'StreamingDenseProbe.dma.backend.u_backend.gen_hw_legalizer.i_idma_legalizer'
 4258 |         tailer:       OffsetWidth'(r_num_bytes + r_addr_offset),
      |                                                ^
%Warning-WIDTHEXPAND: /home/runner/work/hetero_cnn_llm_aha/hetero_cnn_llm_aha/work/pipeline_upstream/idma_export/idma/target/rtl/idma_generated.sv:4261:35: Operator LTE expects 32 bits on the LHS, but LHS's VARREF 'r_num_bytes' generates 13 bits.
                                                                                                                                                          : ... note: In instance 'StreamingDenseProbe.dma.backend.u_backend.gen_hw_legalizer.i_idma_legalizer'
 4261 |         is_single:    r_num_bytes <= StrbWidth
      |                                   ^~
%Warning-WIDTHEXPAND: /home/runner/work/hetero_cnn_llm_aha/hetero_cnn_llm_aha/work/pipeline_upstream/idma_export/idma/target/rtl/idma_generated.sv:4269:32: Operator ADD expects 32 or 13 bits on the RHS, but RHS's VARREF 'w_addr_offset' generates 6 bits.
                                                                                                                                                          : ... note: In instance 'StreamingDenseProbe.dma.backend.u_backend.gen_hw_legalizer.i_idma_legalizer'
 4269 |             len: ((w_num_bytes + w_addr_offset - 'd1) >> OffsetWidth),
      |                                ^
%Warning-WIDTHTRUNC: /home/runner/work/hetero_cnn_llm_aha/hetero_cnn_llm_aha/work/pipeline_upstream/idma_export/idma/target/rtl/idma_generated.sv:4269:13: Operator PATMEMBER expects 8 bits on the Pattern value, but Pattern value's SHIFTR generates 32 or 13 bits.
                                                                                                                                                         : ... note: In instance 'StreamingDenseProbe.dma.backend.u_backend.gen_hw_legalizer.i_idma_legalizer'
 4269 |             len: ((w_num_bytes + w_addr_offset - 'd1) >> OffsetWidth),
      |             ^~~
%Warning-WIDTHEXPAND: /home/runner/work/hetero_cnn_llm_aha/hetero_cnn_llm_aha/work/pipeline_upstream/idma_export/idma/target/rtl/idma_generated.sv:4284:46: Operator ADD expects 13 bits on the RHS, but RHS's VARREF 'w_addr_offset' generates 6 bits.
                                                                                                                                                          : ... note: In instance 'StreamingDenseProbe.dma.backend.u_backend.gen_hw_legalizer.i_idma_legalizer'
 4284 |             tailer: OffsetWidth'(w_num_bytes + w_addr_offset),
      |                                              ^
%Warning-WIDTHEXPAND: /home/runner/work/hetero_cnn_llm_aha/hetero_cnn_llm_aha/work/pipeline_upstream/idma_export/idma/target/rtl/idma_generated.sv:4380:387: Operator DIV expects 65 bits on the LHS, but LHS's EXTEND generates 64 bits.
                                                                                                                                                           : ... note: In instance 'StreamingDenseProbe.dma.backend.u_backend.gen_hw_legalizer.i_idma_legalizer'
%Warning-WIDTHEXPAND: /home/runner/work/hetero_cnn_llm_aha/hetero_cnn_llm_aha/work/pipeline_upstream/idma_export/idma/target/rtl/idma_generated.sv:4380:387: Operator DIV expects 65 bits on the RHS, but RHS's EXTEND generates 64 bits.
                                                                                                                                                           : ... note: In instance 'StreamingDenseProbe.dma.backend.u_backend.gen_hw_legalizer.i_idma_legalizer'
%Warning-WIDTHEXPAND: /home/runner/work/hetero_cnn_llm_aha/hetero_cnn_llm_aha/work/pipeline_upstream/idma_export/deps/axi/src/axi_pkg.sv:203:77: Operator DIV expects 144 bits on the LHS, but LHS's VARREF '_addr' generates 128 bits.
                                                                                                                                               : ... note: In instance 'StreamingDenseProbe.dma.backend.u_backend'
  203 |     return shortint'(($bits(_addr)  + $bits(strobe_width))'(_addr) - (_addr / largest_addr_t'(strobe_width)) * strobe_width);
      |                                                                             ^
%Warning-WIDTHEXPAND: /home/runner/work/hetero_cnn_llm_aha/hetero_cnn_llm_aha/work/pipeline_upstream/idma_export/deps/axi/src/axi_pkg.sv:203:77: Operator DIV expects 144 bits on the RHS, but RHS's CASTWRAP generates 128 bits.
                                                                                                                                               : ... note: In instance 'StreamingDenseProbe.dma.backend.u_backend'
  203 |     return shortint'(($bits(_addr)  + $bits(strobe_width))'(_addr) - (_addr / largest_addr_t'(strobe_width)) * strobe_width);
      |                                                                             ^
%Warning-WIDTHEXPAND: /home/runner/work/hetero_cnn_llm_aha/hetero_cnn_llm_aha/work/pipeline_upstream/idma_export/idma/target/rtl/idma_generated.sv:8762:35: Operator ASSIGNW expects 68 bits on the Assign RHS, but Assign RHS's CONST '1'h0' generates 1 bits.
                                                                                                                                                          : ... note: In instance 'StreamingDenseProbe.dma.backend.u_backend'
 8762 |         assign idma_rsp.pld       = 1'b0;
      |                                   ^
%Warning-UNOPTFLAT: /home/runner/work/hetero_cnn_llm_aha/hetero_cnn_llm_aha/work/pipeline_components/StreamingDense/obj/Vqwen2_matrix_command_endpoint/qwen2_matrix_command_endpoint.sv:9:23: Signal unoptimizable: Circular combinational logic: 'StreamingDenseProbe.matrix.__Vcellinp__leaves_0__cmd_valid_i'
    9 |         , input logic cmd_valid_i
      |                       ^~~~~~~~~~~
                    /home/runner/work/hetero_cnn_llm_aha/hetero_cnn_llm_aha/work/pipeline_components/StreamingDense/obj/Vqwen2_matrix_command_endpoint/qwen2_matrix_command_endpoint.sv:9:23:      Example path: StreamingDenseProbe.matrix.__Vcellinp__leaves_0__cmd_valid_i
                    /home/runner/work/hetero_cnn_llm_aha/hetero_cnn_llm_aha/work/pipeline_components/StreamingDense/obj/Vqwen2_matrix_command_endpoint/qwen2_matrix_command_endpoint.sv:144:5:      Example path: ALWAYS
                    /home/runner/work/hetero_cnn_llm_aha/hetero_cnn_llm_aha/work/pipeline_components/StreamingDense/obj/Vqwen2_matrix_command_endpoint/qwen2_matrix_command_endpoint.sv:107:11:      Example path: StreamingDenseProbe.matrix.leaves_0.cmd_ready_o_combo__V
                    /home/runner/work/hetero_cnn_llm_aha/hetero_cnn_llm_aha/work/pipeline_components/StreamingDense/obj/Vqwen2_matrix_command_endpoint/qwen2_matrix_command_endpoint.sv:212:5:      Example path: ALWAYS
                    /home/runner/work/hetero_cnn_llm_aha/hetero_cnn_llm_aha/work/pipeline_components/StreamingDense/generated/StreamingDenseProbe.sv:81067:18:      Example path: StreamingDenseProbe.matrix._leaves_0_cmd_ready_o
                    /home/runner/work/hetero_cnn_llm_aha/hetero_cnn_llm_aha/work/pipeline_components/StreamingDense/generated/StreamingDenseProbe.sv:81096:34:      Example path: ASSIGNW
                    /home/runner/work/hetero_cnn_llm_aha/hetero_cnn_llm_aha/work/pipeline_components/StreamingDense/generated/StreamingDenseProbe.sv:81096:18:      Example path: StreamingDenseProbe.matrix.allCommandReady
                    /home/runner/work/hetero_cnn_llm_aha/hetero_cnn_llm_aha/work/pipeline_components/StreamingDense/generated/StreamingDenseProbe.sv:93361:6:      Example path: ASSIGNW
                    /home/runner/work/hetero_cnn_llm_aha/hetero_cnn_llm_aha/work/pipeline_components/StreamingDense/obj/Vqwen2_matrix_command_endpoint/qwen2_matrix_command_endpoint.sv:9:23:      Example path: StreamingDenseProbe.matrix.__Vcellinp__leaves_0__cmd_valid_i
%Warning-UNOPTFLAT: /home/runner/work/hetero_cnn_llm_aha/hetero_cnn_llm_aha/work/pipeline_components/StreamingDense/obj/Vqwen2_matrix_command_endpoint/qwen2_matrix_command_endpoint.sv:12:23: Signal unoptimizable: Circular combinational logic: 'StreamingDenseProbe.matrix.__Vcellinp__leaves_0__step_valid_i'
   12 |         , input logic step_valid_i
      |                       ^~~~~~~~~~~~
                    /home/runner/work/hetero_cnn_llm_aha/hetero_cnn_llm_aha/work/pipeline_components/StreamingDense/obj/Vqwen2_matrix_command_endpoint/qwen2_matrix_command_endpoint.sv:12:23:      Example path: StreamingDenseProbe.matrix.__Vcellinp__leaves_0__step_valid_i
                    /home/runner/work/hetero_cnn_llm_aha/hetero_cnn_llm_aha/work/pipeline_components/StreamingDense/obj/Vqwen2_matrix_command_endpoint/qwen2_matrix_command_endpoint.sv:144:5:      Example path: ALWAYS
                    /home/runner/work/hetero_cnn_llm_aha/hetero_cnn_llm_aha/work/pipeline_components/StreamingDense/obj/Vqwen2_matrix_command_endpoint/qwen2_matrix_command_endpoint.sv:107:11:      Example path: StreamingDenseProbe.matrix.leaves_0.cmd_ready_o_combo__V
                    /home/runner/work/hetero_cnn_llm_aha/hetero_cnn_llm_aha/work/pipeline_components/StreamingDense/obj/Vqwen2_matrix_command_endpoint/qwen2_matrix_command_endpoint.sv:212:5:      Example path: ALWAYS
                    /home/runner/work/hetero_cnn_llm_aha/hetero_cnn_llm_aha/work/pipeline_components/StreamingDense/generated/StreamingDenseProbe.sv:81067:18:      Example path: StreamingDenseProbe.matrix._leaves_0_cmd_ready_o
                    /home/runner/work/hetero_cnn_llm_aha/hetero_cnn_llm_aha/work/pipeline_components/StreamingDense/generated/StreamingDenseProbe.sv:81096:34:      Example path: ASSIGNW
                    /home/runner/work/hetero_cnn_llm_aha/hetero_cnn_llm_aha/work/pipeline_components/StreamingDense/generated/StreamingDenseProbe.sv:81096:18:      Example path: StreamingDenseProbe.matrix.allCommandReady
                    /home/runner/work/hetero_cnn_llm_aha/hetero_cnn_llm_aha/work/pipeline_components/StreamingDense/generated/StreamingDenseProbe.sv:93361:6:      Example path: ASSIGNW
                    /home/runner/work/hetero_cnn_llm_aha/hetero_cnn_llm_aha/work/pipeline_components/StreamingDense/obj/Vqwen2_matrix_command_endpoint/qwen2_matrix_command_endpoint.sv:9:23:      Example path: StreamingDenseProbe.matrix.__Vcellinp__leaves_0__cmd_valid_i
                    /home/runner/work/hetero_cnn_llm_aha/hetero_cnn_llm_aha/work/pipeline_components/StreamingDense/obj/Vqwen2_matrix_command_endpoint/qwen2_matrix_command_endpoint.sv:144:5:      Example path: ALWAYS
%Warning-UNOPTFLAT: /home/runner/work/hetero_cnn_llm_aha/hetero_cnn_llm_aha/work/pipeline_components/StreamingDense/obj/Vqwen2_matrix_command_endpoint/qwen2_matrix_command_endpoint.sv:26:23: Signal unoptimizable: Circular combinational logic: 'StreamingDenseProbe.matrix.__Vcellinp__leaves_0__completion_ready_i'
   26 |         , input logic completion_ready_i
      |                       ^~~~~~~~~~~~~~~~~~
                    /home/runner/work/hetero_cnn_llm_aha/hetero_cnn_llm_aha/work/pipeline_components/StreamingDense/obj/Vqwen2_matrix_command_endpoint/qwen2_matrix_command_endpoint.sv:26:23:      Example path: StreamingDenseProbe.matrix.__Vcellinp__leaves_0__completion_ready_i
                    /home/runner/work/hetero_cnn_llm_aha/hetero_cnn_llm_aha/work/pipeline_components/StreamingDense/obj/Vqwen2_matrix_command_endpoint/qwen2_matrix_command_endpoint.sv:144:5:      Example path: ALWAYS
                    /home/runner/work/hetero_cnn_llm_aha/hetero_cnn_llm_aha/work/pipeline_components/StreamingDense/obj/Vqwen2_matrix_command_endpoint/qwen2_matrix_command_endpoint.sv:107:11:      Example path: StreamingDenseProbe.matrix.leaves_0.cmd_ready_o_combo__V
                    /home/runner/work/hetero_cnn_llm_aha/hetero_cnn_llm_aha/work/pipeline_components/StreamingDense/obj/Vqwen2_matrix_command_endpoint/qwen2_matrix_command_endpoint.sv:212:5:      Example path: ALWAYS
                    /home/runner/work/hetero_cnn_llm_aha/hetero_cnn_llm_aha/work/pipeline_components/StreamingDense/generated/StreamingDenseProbe.sv:81067:18:      Example path: StreamingDenseProbe.matrix._leaves_0_cmd_ready_o
                    /home/runner/work/hetero_cnn_llm_aha/hetero_cnn_llm_aha/work/pipeline_components/StreamingDense/generated/StreamingDenseProbe.sv:81096:34:      Example path: ASSIGNW
                    /home/runner/work/hetero_cnn_llm_aha/hetero_cnn_llm_aha/work/pipeline_components/StreamingDense/generated/StreamingDenseProbe.sv:81096:18:      Example path: StreamingDenseProbe.matrix.allCommandReady
                    /home/runner/work/hetero_cnn_llm_aha/hetero_cnn_llm_aha/work/pipeline_components/StreamingDense/generated/StreamingDenseProbe.sv:93361:6:      Example path: ASSIGNW
                    /home/runner/work/hetero_cnn_llm_aha/hetero_cnn_llm_aha/work/pipeline_components/StreamingDense/obj/Vqwen2_matrix_command_endpoint/qwen2_matrix_command_endpoint.sv:9:23:      Example path: StreamingDenseProbe.matrix.__Vcellinp__leaves_0__cmd_valid_i
                    /home/runner/work/hetero_cnn_llm_aha/hetero_cnn_llm_aha/work/pipeline_components/StreamingDense/obj/Vqwen2_matrix_command_endpoint/qwen2_matrix_command_endpoint.sv:144:5:      Example path: ALWAYS
%Warning-UNOPTFLAT: /home/runner/work/hetero_cnn_llm_aha/hetero_cnn_llm_aha/work/pipeline_upstream/idma_export/deps/common_cells/src/cc_passthrough_stream_fifo.sv:43:34: Signal unoptimizable: Circular combinational logic: 'StreamingDenseProbe.dma.backend.u_backend.i_idma_transport_layer.i_dataflow_element.__Vcellout__gen_fifo_buffer[0].i_passthrough_stream_fifo__valid_o'
   43 |     output logic                 valid_o,
      |                                  ^~~~~~~
                    /home/runner/work/hetero_cnn_llm_aha/hetero_cnn_llm_aha/work/pipeline_upstream/idma_export/deps/common_cells/src/cc_passthrough_stream_fifo.sv:43:34:      Example path: StreamingDenseProbe.dma.backend.u_backend.i_idma_transport_layer.i_dataflow_element.__Vcellout__gen_fifo_buffer[0].i_passthrough_stream_fifo__valid_o
                    /home/runner/work/hetero_cnn_llm_aha/hetero_cnn_llm_aha/work/pipeline_upstream/idma_export/deps/common_cells/src/cc_passthrough_stream_fifo.sv:43:34:      Example path: ASSIGNW
                    /home/runner/work/hetero_cnn_llm_aha/hetero_cnn_llm_aha/work/pipeline_upstream/idma_export/idma/src/backend/idma_dataflow_element.sv:30:19:      Example path: StreamingDenseProbe.dma.backend.u_backend.i_idma_transport_layer.__Vcellout__i_dataflow_element__valid_o
                    /home/runner/work/hetero_cnn_llm_aha/hetero_cnn_llm_aha/work/pipeline_upstream/idma_export/idma/target/rtl/idma_generated.sv:303:10:      Example path: ASSIGNW
                    /home/runner/work/hetero_cnn_llm_aha/hetero_cnn_llm_aha/work/pipeline_upstream/idma_export/idma/src/backend/idma_axi_write.sv:78:19:      Example path: StreamingDenseProbe.dma.backend.u_backend.i_idma_transport_layer.__Vcellinp__i_idma_axi_write__buffer_out_valid_i
                    /home/runner/work/hetero_cnn_llm_aha/hetero_cnn_llm_aha/work/pipeline_upstream/idma_export/idma/src/backend/idma_axi_write.sv:224:5:      Example path: ALWAYS
                    /home/runner/work/hetero_cnn_llm_aha/hetero_cnn_llm_aha/work/pipeline_upstream/idma_export/idma/src/backend/idma_axi_write.sv:92:11:      Example path: StreamingDenseProbe.dma.backend.u_backend.i_idma_transport_layer.i_idma_axi_write.first_w
                    /home/runner/work/hetero_cnn_llm_aha/hetero_cnn_llm_aha/work/pipeline_upstream/idma_export/idma/src/backend/idma_axi_write.sv:141:5:      Example path: ALWAYS
                    /home/runner/work/hetero_cnn_llm_aha/hetero_cnn_llm_aha/work/pipeline_upstream/idma_export/idma/src/backend/idma_axi_write.sv:89:12:      Example path: StreamingDenseProbe.dma.backend.u_backend.i_idma_transport_layer.i_idma_axi_write.mask_out
                    /home/runner/work/hetero_cnn_llm_aha/hetero_cnn_llm_aha/work/pipeline_upstream/idma_export/idma/src/backend/idma_axi_write.sv:191:9:      Example path: ALWAYS
                    /home/runner/work/hetero_cnn_llm_aha/hetero_cnn_llm_aha/work/pipeline_upstream/idma_export/idma/src/backend/idma_axi_write.sv:67:24:      Example path: StreamingDenseProbe.dma.backend.u_backend.i_idma_transport_layer.__Vcellout__i_idma_axi_write__write_req_o
                    /home/runner/work/hetero_cnn_llm_aha/hetero_cnn_llm_aha/work/pipeline_upstream/idma_export/idma/src/backend/idma_channel_coupler.sv:132:5:      Example path: ALWAYS
                    /home/runner/work/hetero_cnn_llm_aha/hetero_cnn_llm_aha/work/pipeline_upstream/idma_export/idma/src/backend/idma_channel_coupler.sv:83:11:      Example path: StreamingDenseProbe.dma.backend.u_backend.gen_r_aw_coupler.i_idma_channel_coupler.aw_sent
                    /home/runner/work/hetero_cnn_llm_aha/hetero_cnn_llm_aha/work/pipeline_upstream/idma_export/deps/common_cells/src/cc_fall_through_register.sv:48:10:      Example path: ASSIGNW
                    /home/runner/work/hetero_cnn_llm_aha/hetero_cnn_llm_aha/work/pipeline_upstream/idma_export/deps/common_cells/src/cc_fifo.sv:36:19:      Example path: StreamingDenseProbe.dma.backend.u_backend.gen_r_aw_coupler.i_idma_channel_coupler.i_fall_through_register_decouple_aw_valid.__Vcellinp__i_fifo__push_i
                    /home/runner/work/hetero_cnn_llm_aha/hetero_cnn_llm_aha/work/pipeline_upstream/idma_export/deps/common_cells/src/cc_fifo.sv:62:29:      Example path: ASSIGNW
                    /home/runner/work/hetero_cnn_llm_aha/hetero_cnn_llm_aha/work/pipeline_upstream/idma_export/deps/common_cells/src/cc_fall_through_register.sv:32:13:      Example path: StreamingDenseProbe.dma.backend.u_backend.gen_r_aw_coupler.i_idma_channel_coupler.i_fall_through_register_decouple_aw_valid.fifo_empty
                    /home/runner/work/hetero_cnn_llm_aha/hetero_cnn_llm_aha/work/pipeline_upstream/idma_export/idma/target/rtl/idma_generated.sv:8534:11:      Example path: ASSIGNW
                    /home/runner/work/hetero_cnn_llm_aha/hetero_cnn_llm_aha/work/pipeline_upstream/idma_export/idma/src/backend/idma_axi_write.sv:67:24:      Example path: StreamingDenseProbe.dma.backend.u_backend.i_idma_transport_layer.__Vcellout__i_idma_axi_write__write_req_o
%Warning-UNOPTFLAT: /home/runner/work/hetero_cnn_llm_aha/hetero_cnn_llm_aha/work/pipeline_upstream/idma_export/idma/src/backend/idma_axi_read.sv:168:62: Signal unoptimizable: Circular combinational logic: '__VdfgTmp_h28a58040__0'
  168 |     assign in_valid          = read_rsp_i.r_valid & in_ready & r_dp_ready_i;
      |                                                              ^
                    /home/runner/work/hetero_cnn_llm_aha/hetero_cnn_llm_aha/work/pipeline_upstream/idma_export/idma/src/backend/idma_axi_read.sv:168:62:      Example path: __VdfgTmp_h28a58040__0
                    /home/runner/work/hetero_cnn_llm_aha/hetero_cnn_llm_aha/work/pipeline_upstream/idma_export/deps/common_cells/src/cc_passthrough_stream_fifo.sv:64:5:      Example path: ALWAYS
                    /home/runner/work/hetero_cnn_llm_aha/hetero_cnn_llm_aha/work/pipeline_upstream/idma_export/deps/common_cells/src/cc_passthrough_stream_fifo.sv:43:34:      Example path: StreamingDenseProbe.dma.backend.u_backend.i_idma_transport_layer.i_dataflow_element.__Vcellout__gen_fifo_buffer[0].i_passthrough_stream_fifo__valid_o
                    /home/runner/work/hetero_cnn_llm_aha/hetero_cnn_llm_aha/work/pipeline_upstream/idma_export/deps/common_cells/src/cc_passthrough_stream_fifo.sv:43:34:      Example path: ASSIGNW
                    /home/runner/work/hetero_cnn_llm_aha/hetero_cnn_llm_aha/work/pipeline_upstream/idma_export/idma/src/backend/idma_dataflow_element.sv:30:19:      Example path: StreamingDenseProbe.dma.backend.u_backend.i_idma_transport_layer.__Vcellout__i_dataflow_element__valid_o
                    /home/runner/work/hetero_cnn_llm_aha/hetero_cnn_llm_aha/work/pipeline_upstream/idma_export/idma/target/rtl/idma_generated.sv:303:10:      Example path: ASSIGNW
                    /home/runner/work/hetero_cnn_llm_aha/hetero_cnn_llm_aha/work/pipeline_upstream/idma_export/idma/src/backend/idma_axi_write.sv:78:19:      Example path: StreamingDenseProbe.dma.backend.u_backend.i_idma_transport_layer.__Vcellinp__i_idma_axi_write__buffer_out_valid_i
                    /home/runner/work/hetero_cnn_llm_aha/hetero_cnn_llm_aha/work/pipeline_upstream/idma_export/idma/src/backend/idma_axi_write.sv:224:5:      Example path: ALWAYS
                    /home/runner/work/hetero_cnn_llm_aha/hetero_cnn_llm_aha/work/pipeline_upstream/idma_export/idma/src/backend/idma_axi_write.sv:92:11:      Example path: StreamingDenseProbe.dma.backend.u_backend.i_idma_transport_layer.i_idma_axi_write.first_w
                    /home/runner/work/hetero_cnn_llm_aha/hetero_cnn_llm_aha/work/pipeline_upstream/idma_export/idma/src/backend/idma_axi_write.sv:141:5:      Example path: ALWAYS
                    /home/runner/work/hetero_cnn_llm_aha/hetero_cnn_llm_aha/work/pipeline_upstream/idma_export/idma/src/backend/idma_axi_write.sv:89:12:      Example path: StreamingDenseProbe.dma.backend.u_backend.i_idma_transport_layer.i_idma_axi_write.mask_out
                    /home/runner/work/hetero_cnn_llm_aha/hetero_cnn_llm_aha/work/pipeline_upstream/idma_export/idma/src/backend/idma_axi_write.sv:191:9:      Example path: ALWAYS
                    /home/runner/work/hetero_cnn_llm_aha/hetero_cnn_llm_aha/work/pipeline_upstream/idma_export/idma/src/backend/idma_axi_write.sv:67:24:      Example path: StreamingDenseProbe.dma.backend.u_backend.i_idma_transport_layer.__Vcellout__i_idma_axi_write__write_req_o
                    /home/runner/work/hetero_cnn_llm_aha/hetero_cnn_llm_aha/work/pipeline_upstream/idma_export/idma/src/backend/idma_channel_coupler.sv:132:5:      Example path: ALWAYS
                    /home/runner/work/hetero_cnn_llm_aha/hetero_cnn_llm_aha/work/pipeline_upstream/idma_export/idma/src/backend/idma_channel_coupler.sv:83:11:      Example path: StreamingDenseProbe.dma.backend.u_backend.gen_r_aw_coupler.i_idma_channel_coupler.aw_sent
                    /home/runner/work/hetero_cnn_llm_aha/hetero_cnn_llm_aha/work/pipeline_upstream/idma_export/deps/common_cells/src/cc_fall_through_register.sv:48:10:      Example path: ASSIGNW
                    /home/runner/work/hetero_cnn_llm_aha/hetero_cnn_llm_aha/work/pipeline_upstream/idma_export/deps/common_cells/src/cc_fifo.sv:36:19:      Example path: StreamingDenseProbe.dma.backend.u_backend.gen_r_aw_coupler.i_idma_channel_coupler.i_fall_through_register_decouple_aw_valid.__Vcellinp__i_fifo__push_i
                    /home/runner/work/hetero_cnn_llm_aha/hetero_cnn_llm_aha/work/pipeline_upstream/idma_export/deps/common_cells/src/cc_fifo.sv:62:29:      Example path: ASSIGNW
                    /home/runner/work/hetero_cnn_llm_aha/hetero_cnn_llm_aha/work/pipeline_upstream/idma_export/deps/common_cells/src/cc_fall_through_register.sv:32:13:      Example path: StreamingDenseProbe.dma.backend.u_backend.gen_r_aw_coupler.i_idma_channel_coupler.i_fall_through_register_decouple_aw_valid.fifo_empty
                    /home/runner/work/hetero_cnn_llm_aha/hetero_cnn_llm_aha/work/pipeline_upstream/idma_export/idma/target/rtl/idma_generated.sv:8534:11:      Example path: ASSIGNW
                    /home/runner/work/hetero_cnn_llm_aha/hetero_cnn_llm_aha/work/pipeline_upstream/idma_export/idma/src/backend/idma_axi_write.sv:67:24:      Example path: StreamingDenseProbe.dma.backend.u_backend.i_idma_transport_layer.__Vcellout__i_idma_axi_write__write_req_o
%Warning-UNOPTFLAT: /home/runner/work/hetero_cnn_llm_aha/hetero_cnn_llm_aha/work/pipeline_upstream/idma_export/idma/src/backend/idma_axi_write.sv:103:11: Signal unoptimizable: Circular combinational logic: 'StreamingDenseProbe.dma.backend.u_backend.i_idma_transport_layer.i_idma_axi_write.write_happening'
  103 |     logic write_happening;
      |           ^~~~~~~~~~~~~~~
                    /home/runner/work/hetero_cnn_llm_aha/hetero_cnn_llm_aha/work/pipeline_upstream/idma_export/idma/src/backend/idma_axi_write.sv:103:11:      Example path: StreamingDenseProbe.dma.backend.u_backend.i_idma_transport_layer.i_idma_axi_write.write_happening
                    /home/runner/work/hetero_cnn_llm_aha/hetero_cnn_llm_aha/work/pipeline_upstream/idma_export/idma/src/backend/idma_axi_write.sv:224:5:      Example path: ALWAYS
                    /home/runner/work/hetero_cnn_llm_aha/hetero_cnn_llm_aha/work/pipeline_upstream/idma_export/idma/src/backend/idma_axi_write.sv:92:11:      Example path: StreamingDenseProbe.dma.backend.u_backend.i_idma_transport_layer.i_idma_axi_write.first_w
                    /home/runner/work/hetero_cnn_llm_aha/hetero_cnn_llm_aha/work/pipeline_upstream/idma_export/idma/src/backend/idma_axi_write.sv:141:5:      Example path: ALWAYS
                    /home/runner/work/hetero_cnn_llm_aha/hetero_cnn_llm_aha/work/pipeline_upstream/idma_export/idma/src/backend/idma_axi_write.sv:89:12:      Example path: StreamingDenseProbe.dma.backend.u_backend.i_idma_transport_layer.i_idma_axi_write.mask_out
                    /home/runner/work/hetero_cnn_llm_aha/hetero_cnn_llm_aha/work/pipeline_upstream/idma_export/idma/src/backend/idma_axi_write.sv:191:9:      Example path: ALWAYS
                    /home/runner/work/hetero_cnn_llm_aha/hetero_cnn_llm_aha/work/pipeline_upstream/idma_export/idma/src/backend/idma_axi_write.sv:67:24:      Example path: StreamingDenseProbe.dma.backend.u_backend.i_idma_transport_layer.__Vcellout__i_idma_axi_write__write_req_o
                    /home/runner/work/hetero_cnn_llm_aha/hetero_cnn_llm_aha/work/pipeline_upstream/idma_export/idma/src/backend/idma_channel_coupler.sv:132:5:      Example path: ALWAYS
                    /home/runner/work/hetero_cnn_llm_aha/hetero_cnn_llm_aha/work/pipeline_upstream/idma_export/idma/src/backend/idma_channel_coupler.sv:83:11:      Example path: StreamingDenseProbe.dma.backend.u_backend.gen_r_aw_coupler.i_idma_channel_coupler.aw_sent
                    /home/runner/work/hetero_cnn_llm_aha/hetero_cnn_llm_aha/work/pipeline_upstream/idma_export/deps/common_cells/src/cc_fall_through_register.sv:48:10:      Example path: ASSIGNW
                    /home/runner/work/hetero_cnn_llm_aha/hetero_cnn_llm_aha/work/pipeline_upstream/idma_export/deps/common_cells/src/cc_fifo.sv:36:19:      Example path: StreamingDenseProbe.dma.backend.u_backend.gen_r_aw_coupler.i_idma_channel_coupler.i_fall_through_register_decouple_aw_valid.__Vcellinp__i_fifo__push_i
                    /home/runner/work/hetero_cnn_llm_aha/hetero_cnn_llm_aha/work/pipeline_upstream/idma_export/deps/common_cells/src/cc_fifo.sv:62:29:      Example path: ASSIGNW
                    /home/runner/work/hetero_cnn_llm_aha/hetero_cnn_llm_aha/work/pipeline_upstream/idma_export/deps/common_cells/src/cc_fall_through_register.sv:32:13:      Example path: StreamingDenseProbe.dma.backend.u_backend.gen_r_aw_coupler.i_idma_channel_coupler.i_fall_through_register_decouple_aw_valid.fifo_empty
                    /home/runner/work/hetero_cnn_llm_aha/hetero_cnn_llm_aha/work/pipeline_upstream/idma_export/idma/target/rtl/idma_generated.sv:8534:11:      Example path: ASSIGNW
                    /home/runner/work/hetero_cnn_llm_aha/hetero_cnn_llm_aha/work/pipeline_upstream/idma_export/idma/src/backend/idma_axi_write.sv:67:24:      Example path: StreamingDenseProbe.dma.backend.u_backend.i_idma_transport_layer.__Vcellout__i_idma_axi_write__write_req_o
%Warning-UNOPTFLAT: /home/runner/work/hetero_cnn_llm_aha/hetero_cnn_llm_aha/work/pipeline_upstream/idma_export/deps/common_cells/src/cc_fall_through_register.sv:32:13: Signal unoptimizable: Circular combinational logic: 'StreamingDenseProbe.dma.backend.u_backend.gen_r_aw_coupler.i_idma_channel_coupler.i_fall_through_register_decouple_aw_valid.fifo_empty'
   32 |     logic   fifo_empty,
      |             ^~~~~~~~~~
                    /home/runner/work/hetero_cnn_llm_aha/hetero_cnn_llm_aha/work/pipeline_upstream/idma_export/deps/common_cells/src/cc_fall_through_register.sv:32:13:      Example path: StreamingDenseProbe.dma.backend.u_backend.gen_r_aw_coupler.i_idma_channel_coupler.i_fall_through_register_decouple_aw_valid.fifo_empty
                    /home/runner/work/hetero_cnn_llm_aha/hetero_cnn_llm_aha/work/pipeline_upstream/idma_export/idma/target/rtl/idma_generated.sv:8534:11:      Example path: ASSIGNW
                    /home/runner/work/hetero_cnn_llm_aha/hetero_cnn_llm_aha/work/pipeline_upstream/idma_export/idma/src/backend/idma_axi_write.sv:67:24:      Example path: StreamingDenseProbe.dma.backend.u_backend.i_idma_transport_layer.__Vcellout__i_idma_axi_write__write_req_o
                    /home/runner/work/hetero_cnn_llm_aha/hetero_cnn_llm_aha/work/pipeline_upstream/idma_export/idma/src/backend/idma_channel_coupler.sv:132:5:      Example path: ALWAYS
                    /home/runner/work/hetero_cnn_llm_aha/hetero_cnn_llm_aha/work/pipeline_upstream/idma_export/idma/src/backend/idma_channel_coupler.sv:83:11:      Example path: StreamingDenseProbe.dma.backend.u_backend.gen_r_aw_coupler.i_idma_channel_coupler.aw_sent
                    /home/runner/work/hetero_cnn_llm_aha/hetero_cnn_llm_aha/work/pipeline_upstream/idma_export/deps/common_cells/src/cc_fall_through_register.sv:48:10:      Example path: ASSIGNW
                    /home/runner/work/hetero_cnn_llm_aha/hetero_cnn_llm_aha/work/pipeline_upstream/idma_export/deps/common_cells/src/cc_fifo.sv:36:19:      Example path: StreamingDenseProbe.dma.backend.u_backend.gen_r_aw_coupler.i_idma_channel_coupler.i_fall_through_register_decouple_aw_valid.__Vcellinp__i_fifo__push_i
                    /home/runner/work/hetero_cnn_llm_aha/hetero_cnn_llm_aha/work/pipeline_upstream/idma_export/deps/common_cells/src/cc_fifo.sv:62:29:      Example path: ASSIGNW
                    /home/runner/work/hetero_cnn_llm_aha/hetero_cnn_llm_aha/work/pipeline_upstream/idma_export/deps/common_cells/src/cc_fall_through_register.sv:32:13:      Example path: StreamingDenseProbe.dma.backend.u_backend.gen_r_aw_coupler.i_idma_channel_coupler.i_fall_through_register_decouple_aw_valid.fifo_empty
%Warning-UNOPTFLAT: /home/runner/work/hetero_cnn_llm_aha/hetero_cnn_llm_aha/work/pipeline_components/StreamingDense/generated/StreamingDenseProbe.sv:81147:18: Signal unoptimizable: Circular combinational logic: 'StreamingDenseProbe.matrix.consumeOutput'
81147 |   wire           consumeOutput =
      |                  ^~~~~~~~~~~~~
                    /home/runner/work/hetero_cnn_llm_aha/hetero_cnn_llm_aha/work/pipeline_components/StreamingDense/generated/StreamingDenseProbe.sv:81147:18:      Example path: StreamingDenseProbe.matrix.consumeOutput
                    /home/runner/work/hetero_cnn_llm_aha/hetero_cnn_llm_aha/work/pipeline_components/StreamingDense/generated/StreamingDenseProbe.sv:93424:6:      Example path: ASSIGNW
                    /home/runner/work/hetero_cnn_llm_aha/hetero_cnn_llm_aha/work/pipeline_components/StreamingDense/obj/Vqwen2_matrix_command_endpoint/qwen2_matrix_command_endpoint.sv:21:23:      Example path: StreamingDenseProbe.matrix.__Vcellinp__leaves_0__out_ready_i
                    /home/runner/work/hetero_cnn_llm_aha/hetero_cnn_llm_aha/work/pipeline_components/StreamingDense/obj/Vqwen2_matrix_command_endpoint/qwen2_matrix_command_endpoint.sv:144:5:      Example path: ALWAYS
                    /home/runner/work/hetero_cnn_llm_aha/hetero_cnn_llm_aha/work/pipeline_components/StreamingDense/obj/Vqwen2_matrix_command_endpoint/qwen2_matrix_command_endpoint.sv:107:11:      Example path: StreamingDenseProbe.matrix.leaves_0.cmd_ready_o_combo__V
                    /home/runner/work/hetero_cnn_llm_aha/hetero_cnn_llm_aha/work/pipeline_components/StreamingDense/obj/Vqwen2_matrix_command_endpoint/qwen2_matrix_command_endpoint.sv:212:5:      Example path: ALWAYS
                    /home/runner/work/hetero_cnn_llm_aha/hetero_cnn_llm_aha/work/pipeline_components/StreamingDense/generated/StreamingDenseProbe.sv:81067:18:      Example path: StreamingDenseProbe.matrix._leaves_0_cmd_ready_o
                    /home/runner/work/hetero_cnn_llm_aha/hetero_cnn_llm_aha/work/pipeline_components/StreamingDense/generated/StreamingDenseProbe.sv:81096:34:      Example path: ASSIGNW
                    /home/runner/work/hetero_cnn_llm_aha/hetero_cnn_llm_aha/work/pipeline_components/StreamingDense/generated/StreamingDenseProbe.sv:81096:18:      Example path: StreamingDenseProbe.matrix.allCommandReady
                    /home/runner/work/hetero_cnn_llm_aha/hetero_cnn_llm_aha/work/pipeline_components/StreamingDense/generated/StreamingDenseProbe.sv:93361:6:      Example path: ASSIGNW
                    /home/runner/work/hetero_cnn_llm_aha/hetero_cnn_llm_aha/work/pipeline_components/StreamingDense/obj/Vqwen2_matrix_command_endpoint/qwen2_matrix_command_endpoint.sv:9:23:      Example path: StreamingDenseProbe.matrix.__Vcellinp__leaves_0__cmd_valid_i
                    /home/runner/work/hetero_cnn_llm_aha/hetero_cnn_llm_aha/work/pipeline_components/StreamingDense/obj/Vqwen2_matrix_command_endpoint/qwen2_matrix_command_endpoint.sv:144:5:      Example path: ALWAYS
make[1]: Leaving directory '/home/runner/work/hetero_cnn_llm_aha/hetero_cnn_llm_aha'
make: Leaving directory '/home/runner/work/hetero_cnn_llm_aha/hetero_cnn_llm_aha/work/pipeline_components/StreamingDense/obj'
make: Entering directory '/home/runner/work/hetero_cnn_llm_aha/hetero_cnn_llm_aha/work/pipeline_components/StreamingDense/obj'
make -f Vbf16_context_lane_cluster16_rev8b_b_candidate.mk -C Vbf16_context_lane_cluster16_rev8b_b_candidate VM_PREFIX=Vbf16_context_lane_cluster16_rev8b_b_candidate
make[1]: Entering directory '/home/runner/work/hetero_cnn_llm_aha/hetero_cnn_llm_aha/work/pipeline_components/StreamingDense/obj/Vbf16_context_lane_cluster16_rev8b_b_candidate'
g++ -O3  -I.  -MMD -I/home/runner/work/hetero_cnn_llm_aha/hetero_cnn_llm_aha/work/pipeline_components/verilator-runtime/include -I/home/runner/work/hetero_cnn_llm_aha/hetero_cnn_llm_aha/work/pipeline_components/verilator-runtime/include/vltstd -DVM_COVERAGE=0 -DVM_SC=0 -DVM_TRACE=0 -DVM_TRACE_FST=0 -DVM_TRACE_VCD=0 -faligned-new -fcf-protection=none -Wno-bool-operation -Wno-overloaded-virtual -Wno-shadow -Wno-sign-compare -Wno-uninitialized -Wno-unused-but-set-parameter -Wno-unused-but-set-variable -Wno-unused-parameter -Wno-unused-variable     -fPIC -O3 -std=c++17 -ffp-contract=off -fno-fast-math   -x c++-header Vbf16_context_lane_cluster16_rev8b_b_candidate__pch.h -o Vbf16_context_lane_cluster16_rev8b_b_candidate__pch.h.fast.gch
g++   -I.  -MMD -I/home/runner/work/hetero_cnn_llm_aha/hetero_cnn_llm_aha/work/pipeline_components/verilator-runtime/include -I/home/runner/work/hetero_cnn_llm_aha/hetero_cnn_llm_aha/work/pipeline_components/verilator-runtime/include/vltstd -DVM_COVERAGE=0 -DVM_SC=0 -DVM_TRACE=0 -DVM_TRACE_FST=0 -DVM_TRACE_VCD=0 -faligned-new -fcf-protection=none -Wno-bool-operation -Wno-overloaded-virtual -Wno-shadow -Wno-sign-compare -Wno-uninitialized -Wno-unused-but-set-parameter -Wno-unused-but-set-variable -Wno-unused-parameter -Wno-unused-variable     -fPIC -O3 -std=c++17 -ffp-contract=off -fno-fast-math   -x c++-header Vbf16_context_lane_cluster16_rev8b_b_candidate__pch.h -o Vbf16_context_lane_cluster16_rev8b_b_candidate__pch.h.slow.gch
g++ -O3  -I.  -MMD -I/home/runner/work/hetero_cnn_llm_aha/hetero_cnn_llm_aha/work/pipeline_components/verilator-runtime/include -I/home/runner/work/hetero_cnn_llm_aha/hetero_cnn_llm_aha/work/pipeline_components/verilator-runtime/include/vltstd -DVM_COVERAGE=0 -DVM_SC=0 -DVM_TRACE=0 -DVM_TRACE_FST=0 -DVM_TRACE_VCD=0 -faligned-new -fcf-protection=none -Wno-bool-operation -Wno-overloaded-virtual -Wno-shadow -Wno-sign-compare -Wno-uninitialized -Wno-unused-but-set-parameter -Wno-unused-but-set-variable -Wno-unused-parameter -Wno-unused-variable     -fPIC -O3 -std=c++17 -ffp-contract=off -fno-fast-math   -c -o bf16_context_lane_cluster16_rev8b_b_candidate.o bf16_context_lane_cluster16_rev8b_b_candidate.cpp
echo "" > libbf16_context_lane_cluster16_rev8b_b_candidate.verilator_deplist.tmp
g++ -O3  -I.  -MMD -I/home/runner/work/hetero_cnn_llm_aha/hetero_cnn_llm_aha/work/pipeline_components/verilator-runtime/include -I/home/runner/work/hetero_cnn_llm_aha/hetero_cnn_llm_aha/work/pipeline_components/verilator-runtime/include/vltstd -DVM_COVERAGE=0 -DVM_SC=0 -DVM_TRACE=0 -DVM_TRACE_FST=0 -DVM_TRACE_VCD=0 -faligned-new -fcf-protection=none -Wno-bool-operation -Wno-overloaded-virtual -Wno-shadow -Wno-sign-compare -Wno-uninitialized -Wno-unused-but-set-parameter -Wno-unused-but-set-variable -Wno-unused-parameter -Wno-unused-variable     -fPIC -O3 -std=c++17 -ffp-contract=off -fno-fast-math    -c -o Vbf16_context_lane_cluster16_rev8b_b_candidate.o Vbf16_context_lane_cluster16_rev8b_b_candidate.cpp
g++ -O3  -I.  -MMD -I/home/runner/work/hetero_cnn_llm_aha/hetero_cnn_llm_aha/work/pipeline_components/verilator-runtime/include -I/home/runner/work/hetero_cnn_llm_aha/hetero_cnn_llm_aha/work/pipeline_components/verilator-runtime/include/vltstd -DVM_COVERAGE=0 -DVM_SC=0 -DVM_TRACE=0 -DVM_TRACE_FST=0 -DVM_TRACE_VCD=0 -faligned-new -fcf-protection=none -Wno-bool-operation -Wno-overloaded-virtual -Wno-shadow -Wno-sign-compare -Wno-uninitialized -Wno-unused-but-set-parameter -Wno-unused-but-set-variable -Wno-unused-parameter -Wno-unused-variable     -fPIC -O3 -std=c++17 -ffp-contract=off -fno-fast-math    -c -o Vbf16_context_lane_cluster16_rev8b_b_candidate___024root__DepSet_h6ee09ac0__0.o Vbf16_context_lane_cluster16_rev8b_b_candidate___024root__DepSet_h6ee09ac0__0.cpp
g++ -O3  -I.  -MMD -I/home/runner/work/hetero_cnn_llm_aha/hetero_cnn_llm_aha/work/pipeline_components/verilator-runtime/include -I/home/runner/work/hetero_cnn_llm_aha/hetero_cnn_llm_aha/work/pipeline_components/verilator-runtime/include/vltstd -DVM_COVERAGE=0 -DVM_SC=0 -DVM_TRACE=0 -DVM_TRACE_FST=0 -DVM_TRACE_VCD=0 -faligned-new -fcf-protection=none -Wno-bool-operation -Wno-overloaded-virtual -Wno-shadow -Wno-sign-compare -Wno-uninitialized -Wno-unused-but-set-parameter -Wno-unused-but-set-variable -Wno-unused-parameter -Wno-unused-variable     -fPIC -O3 -std=c++17 -ffp-contract=off -fno-fast-math    -c -o Vbf16_context_lane_cluster16_rev8b_b_candidate___024root__DepSet_h93b2fa63__0.o Vbf16_context_lane_cluster16_rev8b_b_candidate___024root__DepSet_h93b2fa63__0.cpp
g++ -O3  -I.  -MMD -I/home/runner/work/hetero_cnn_llm_aha/hetero_cnn_llm_aha/work/pipeline_components/verilator-runtime/include -I/home/runner/work/hetero_cnn_llm_aha/hetero_cnn_llm_aha/work/pipeline_components/verilator-runtime/include/vltstd -DVM_COVERAGE=0 -DVM_SC=0 -DVM_TRACE=0 -DVM_TRACE_FST=0 -DVM_TRACE_VCD=0 -faligned-new -fcf-protection=none -Wno-bool-operation -Wno-overloaded-virtual -Wno-shadow -Wno-sign-compare -Wno-uninitialized -Wno-unused-but-set-parameter -Wno-unused-but-set-variable -Wno-unused-parameter -Wno-unused-variable     -fPIC -O3 -std=c++17 -ffp-contract=off -fno-fast-math    -c -o Vbf16_context_lane_cluster16_rev8b_b_candidate_bf16_context_fma_pipeline_lane5_rev8b_b_candidate__DepSet_h83af4dd3__0.o Vbf16_context_lane_cluster16_rev8b_b_candidate_bf16_context_fma_pipeline_lane5_rev8b_b_candidate__DepSet_h83af4dd3__0.cpp
g++ -O3  -I.  -MMD -I/home/runner/work/hetero_cnn_llm_aha/hetero_cnn_llm_aha/work/pipeline_components/verilator-runtime/include -I/home/runner/work/hetero_cnn_llm_aha/hetero_cnn_llm_aha/work/pipeline_components/verilator-runtime/include/vltstd -DVM_COVERAGE=0 -DVM_SC=0 -DVM_TRACE=0 -DVM_TRACE_FST=0 -DVM_TRACE_VCD=0 -faligned-new -fcf-protection=none -Wno-bool-operation -Wno-overloaded-virtual -Wno-shadow -Wno-sign-compare -Wno-uninitialized -Wno-unused-but-set-parameter -Wno-unused-but-set-variable -Wno-unused-parameter -Wno-unused-variable     -fPIC -O3 -std=c++17 -ffp-contract=off -fno-fast-math    -c -o Vbf16_context_lane_cluster16_rev8b_b_candidate_bf16_context_fma_pipeline_lane5_rev8b_b_candidate__DepSet_h83af4dd3__1.o Vbf16_context_lane_cluster16_rev8b_b_candidate_bf16_context_fma_pipeline_lane5_rev8b_b_candidate__DepSet_h83af4dd3__1.cpp
g++ -O3  -I.  -MMD -I/home/runner/work/hetero_cnn_llm_aha/hetero_cnn_llm_aha/work/pipeline_components/verilator-runtime/include -I/home/runner/work/hetero_cnn_llm_aha/hetero_cnn_llm_aha/work/pipeline_components/verilator-runtime/include/vltstd -DVM_COVERAGE=0 -DVM_SC=0 -DVM_TRACE=0 -DVM_TRACE_FST=0 -DVM_TRACE_VCD=0 -faligned-new -fcf-protection=none -Wno-bool-operation -Wno-overloaded-virtual -Wno-shadow -Wno-sign-compare -Wno-uninitialized -Wno-unused-but-set-parameter -Wno-unused-but-set-variable -Wno-unused-parameter -Wno-unused-variable     -fPIC -O3 -std=c++17 -ffp-contract=off -fno-fast-math    -c -o Vbf16_context_lane_cluster16_rev8b_b_candidate_bf16_context_fma_pipeline_lane5_rev8b_b_candidate__DepSet_h83af4dd3__2.o Vbf16_context_lane_cluster16_rev8b_b_candidate_bf16_context_fma_pipeline_lane5_rev8b_b_candidate__DepSet_h83af4dd3__2.cpp
g++ -O3  -I.  -MMD -I/home/runner/work/hetero_cnn_llm_aha/hetero_cnn_llm_aha/work/pipeline_components/verilator-runtime/include -I/home/runner/work/hetero_cnn_llm_aha/hetero_cnn_llm_aha/work/pipeline_components/verilator-runtime/include/vltstd -DVM_COVERAGE=0 -DVM_SC=0 -DVM_TRACE=0 -DVM_TRACE_FST=0 -DVM_TRACE_VCD=0 -faligned-new -fcf-protection=none -Wno-bool-operation -Wno-overloaded-virtual -Wno-shadow -Wno-sign-compare -Wno-uninitialized -Wno-unused-but-set-parameter -Wno-unused-but-set-variable -Wno-unused-parameter -Wno-unused-variable     -fPIC -O3 -std=c++17 -ffp-contract=off -fno-fast-math    -c -o Vbf16_context_lane_cluster16_rev8b_b_candidate_bf16_context_fma_pipeline_lane5_rev8b_b_candidate__DepSet_h83af4dd3__3.o Vbf16_context_lane_cluster16_rev8b_b_candidate_bf16_context_fma_pipeline_lane5_rev8b_b_candidate__DepSet_h83af4dd3__3.cpp
g++ -O3  -I.  -MMD -I/home/runner/work/hetero_cnn_llm_aha/hetero_cnn_llm_aha/work/pipeline_components/verilator-runtime/include -I/home/runner/work/hetero_cnn_llm_aha/hetero_cnn_llm_aha/work/pipeline_components/verilator-runtime/include/vltstd -DVM_COVERAGE=0 -DVM_SC=0 -DVM_TRACE=0 -DVM_TRACE_FST=0 -DVM_TRACE_VCD=0 -faligned-new -fcf-protection=none -Wno-bool-operation -Wno-overloaded-virtual -Wno-shadow -Wno-sign-compare -Wno-uninitialized -Wno-unused-but-set-parameter -Wno-unused-but-set-variable -Wno-unused-parameter -Wno-unused-variable     -fPIC -O3 -std=c++17 -ffp-contract=off -fno-fast-math    -c -o Vbf16_context_lane_cluster16_rev8b_b_candidate_idma_reg32_3d_reg_pkg__DepSet_hfe9aa73d__0.o Vbf16_context_lane_cluster16_rev8b_b_candidate_idma_reg32_3d_reg_pkg__DepSet_hfe9aa73d__0.cpp
g++ -O3  -I.  -MMD -I/home/runner/work/hetero_cnn_llm_aha/hetero_cnn_llm_aha/work/pipeline_components/verilator-runtime/include -I/home/runner/work/hetero_cnn_llm_aha/hetero_cnn_llm_aha/work/pipeline_components/verilator-runtime/include/vltstd -DVM_COVERAGE=0 -DVM_SC=0 -DVM_TRACE=0 -DVM_TRACE_FST=0 -DVM_TRACE_VCD=0 -faligned-new -fcf-protection=none -Wno-bool-operation -Wno-overloaded-virtual -Wno-shadow -Wno-sign-compare -Wno-uninitialized -Wno-unused-but-set-parameter -Wno-unused-but-set-variable -Wno-unused-parameter -Wno-unused-variable     -fPIC -O3 -std=c++17 -ffp-contract=off -fno-fast-math    -c -o Vbf16_context_lane_cluster16_rev8b_b_candidate_idma_reg64_2d_reg_pkg__DepSet_h80448f65__0.o Vbf16_context_lane_cluster16_rev8b_b_candidate_idma_reg64_2d_reg_pkg__DepSet_h80448f65__0.cpp
g++ -O3  -I.  -MMD -I/home/runner/work/hetero_cnn_llm_aha/hetero_cnn_llm_aha/work/pipeline_components/verilator-runtime/include -I/home/runner/work/hetero_cnn_llm_aha/hetero_cnn_llm_aha/work/pipeline_components/verilator-runtime/include/vltstd -DVM_COVERAGE=0 -DVM_SC=0 -DVM_TRACE=0 -DVM_TRACE_FST=0 -DVM_TRACE_VCD=0 -faligned-new -fcf-protection=none -Wno-bool-operation -Wno-overloaded-virtual -Wno-shadow -Wno-sign-compare -Wno-uninitialized -Wno-unused-but-set-parameter -Wno-unused-but-set-variable -Wno-unused-parameter -Wno-unused-variable     -fPIC -O3 -std=c++17 -ffp-contract=off -fno-fast-math    -c -o Vbf16_context_lane_cluster16_rev8b_b_candidate_idma_reg64_1d_reg_pkg__DepSet_hf55d458a__0.o Vbf16_context_lane_cluster16_rev8b_b_candidate_idma_reg64_1d_reg_pkg__DepSet_hf55d458a__0.cpp
g++ -O3  -I.  -MMD -I/home/runner/work/hetero_cnn_llm_aha/hetero_cnn_llm_aha/work/pipeline_components/verilator-runtime/include -I/home/runner/work/hetero_cnn_llm_aha/hetero_cnn_llm_aha/work/pipeline_components/verilator-runtime/include/vltstd -DVM_COVERAGE=0 -DVM_SC=0 -DVM_TRACE=0 -DVM_TRACE_FST=0 -DVM_TRACE_VCD=0 -faligned-new -fcf-protection=none -Wno-bool-operation -Wno-overloaded-virtual -Wno-shadow -Wno-sign-compare -Wno-uninitialized -Wno-unused-but-set-parameter -Wno-unused-but-set-variable -Wno-unused-parameter -Wno-unused-variable     -fPIC -O3 -std=c++17 -ffp-contract=off -fno-fast-math    -c -o Vbf16_context_lane_cluster16_rev8b_b_candidate_idma_desc64_reg_pkg__DepSet_h86c206b3__0.o Vbf16_context_lane_cluster16_rev8b_b_candidate_idma_desc64_reg_pkg__DepSet_h86c206b3__0.cpp
g++   -I.  -MMD -I/home/runner/work/hetero_cnn_llm_aha/hetero_cnn_llm_aha/work/pipeline_components/verilator-runtime/include -I/home/runner/work/hetero_cnn_llm_aha/hetero_cnn_llm_aha/work/pipeline_components/verilator-runtime/include/vltstd -DVM_COVERAGE=0 -DVM_SC=0 -DVM_TRACE=0 -DVM_TRACE_FST=0 -DVM_TRACE_VCD=0 -faligned-new -fcf-protection=none -Wno-bool-operation -Wno-overloaded-virtual -Wno-shadow -Wno-sign-compare -Wno-uninitialized -Wno-unused-but-set-parameter -Wno-unused-but-set-variable -Wno-unused-parameter -Wno-unused-variable     -fPIC -O3 -std=c++17 -ffp-contract=off -fno-fast-math    -c -o Vbf16_context_lane_cluster16_rev8b_b_candidate___024root__Slow.o Vbf16_context_lane_cluster16_rev8b_b_candidate___024root__Slow.cpp
g++   -I.  -MMD -I/home/runner/work/hetero_cnn_llm_aha/hetero_cnn_llm_aha/work/pipeline_components/verilator-runtime/include -I/home/runner/work/hetero_cnn_llm_aha/hetero_cnn_llm_aha/work/pipeline_components/verilator-runtime/include/vltstd -DVM_COVERAGE=0 -DVM_SC=0 -DVM_TRACE=0 -DVM_TRACE_FST=0 -DVM_TRACE_VCD=0 -faligned-new -fcf-protection=none -Wno-bool-operation -Wno-overloaded-virtual -Wno-shadow -Wno-sign-compare -Wno-uninitialized -Wno-unused-but-set-parameter -Wno-unused-but-set-variable -Wno-unused-parameter -Wno-unused-variable     -fPIC -O3 -std=c++17 -ffp-contract=off -fno-fast-math    -c -o Vbf16_context_lane_cluster16_rev8b_b_candidate___024root__DepSet_h6ee09ac0__0__Slow.o Vbf16_context_lane_cluster16_rev8b_b_candidate___024root__DepSet_h6ee09ac0__0__Slow.cpp
g++   -I.  -MMD -I/home/runner/work/hetero_cnn_llm_aha/hetero_cnn_llm_aha/work/pipeline_components/verilator-runtime/include -I/home/runner/work/hetero_cnn_llm_aha/hetero_cnn_llm_aha/work/pipeline_components/verilator-runtime/include/vltstd -DVM_COVERAGE=0 -DVM_SC=0 -DVM_TRACE=0 -DVM_TRACE_FST=0 -DVM_TRACE_VCD=0 -faligned-new -fcf-protection=none -Wno-bool-operation -Wno-overloaded-virtual -Wno-shadow -Wno-sign-compare -Wno-uninitialized -Wno-unused-but-set-parameter -Wno-unused-but-set-variable -Wno-unused-parameter -Wno-unused-variable     -fPIC -O3 -std=c++17 -ffp-contract=off -fno-fast-math    -c -o Vbf16_context_lane_cluster16_rev8b_b_candidate___024root__DepSet_h93b2fa63__0__Slow.o Vbf16_context_lane_cluster16_rev8b_b_candidate___024root__DepSet_h93b2fa63__0__Slow.cpp
g++   -I.  -MMD -I/home/runner/work/hetero_cnn_llm_aha/hetero_cnn_llm_aha/work/pipeline_components/verilator-runtime/include -I/home/runner/work/hetero_cnn_llm_aha/hetero_cnn_llm_aha/work/pipeline_components/verilator-runtime/include/vltstd -DVM_COVERAGE=0 -DVM_SC=0 -DVM_TRACE=0 -DVM_TRACE_FST=0 -DVM_TRACE_VCD=0 -faligned-new -fcf-protection=none -Wno-bool-operation -Wno-overloaded-virtual -Wno-shadow -Wno-sign-compare -Wno-uninitialized -Wno-unused-but-set-parameter -Wno-unused-but-set-variable -Wno-unused-parameter -Wno-unused-variable     -fPIC -O3 -std=c++17 -ffp-contract=off -fno-fast-math    -c -o Vbf16_context_lane_cluster16_rev8b_b_candidate_bf16_context_fma_pipeline_lane5_rev8b_b_candidate__Slow.o Vbf16_context_lane_cluster16_rev8b_b_candidate_bf16_context_fma_pipeline_lane5_rev8b_b_candidate__Slow.cpp
g++   -I.  -MMD -I/home/runner/work/hetero_cnn_llm_aha/hetero_cnn_llm_aha/work/pipeline_components/verilator-runtime/include -I/home/runner/work/hetero_cnn_llm_aha/hetero_cnn_llm_aha/work/pipeline_components/verilator-runtime/include/vltstd -DVM_COVERAGE=0 -DVM_SC=0 -DVM_TRACE=0 -DVM_TRACE_FST=0 -DVM_TRACE_VCD=0 -faligned-new -fcf-protection=none -Wno-bool-operation -Wno-overloaded-virtual -Wno-shadow -Wno-sign-compare -Wno-uninitialized -Wno-unused-but-set-parameter -Wno-unused-but-set-variable -Wno-unused-parameter -Wno-unused-variable     -fPIC -O3 -std=c++17 -ffp-contract=off -fno-fast-math    -c -o Vbf16_context_lane_cluster16_rev8b_b_candidate_bf16_context_fma_pipeline_lane5_rev8b_b_candidate__DepSet_h80feab54__0__Slow.o Vbf16_context_lane_cluster16_rev8b_b_candidate_bf16_context_fma_pipeline_lane5_rev8b_b_candidate__DepSet_h80feab54__0__Slow.cpp
g++   -I.  -MMD -I/home/runner/work/hetero_cnn_llm_aha/hetero_cnn_llm_aha/work/pipeline_components/verilator-runtime/include -I/home/runner/work/hetero_cnn_llm_aha/hetero_cnn_llm_aha/work/pipeline_components/verilator-runtime/include/vltstd -DVM_COVERAGE=0 -DVM_SC=0 -DVM_TRACE=0 -DVM_TRACE_FST=0 -DVM_TRACE_VCD=0 -faligned-new -fcf-protection=none -Wno-bool-operation -Wno-overloaded-virtual -Wno-shadow -Wno-sign-compare -Wno-uninitialized -Wno-unused-but-set-parameter -Wno-unused-but-set-variable -Wno-unused-parameter -Wno-unused-variable     -fPIC -O3 -std=c++17 -ffp-contract=off -fno-fast-math    -c -o Vbf16_context_lane_cluster16_rev8b_b_candidate_idma_reg32_3d_reg_pkg__Slow.o Vbf16_context_lane_cluster16_rev8b_b_candidate_idma_reg32_3d_reg_pkg__Slow.cpp
g++   -I.  -MMD -I/home/runner/work/hetero_cnn_llm_aha/hetero_cnn_llm_aha/work/pipeline_components/verilator-runtime/include -I/home/runner/work/hetero_cnn_llm_aha/hetero_cnn_llm_aha/work/pipeline_components/verilator-runtime/include/vltstd -DVM_COVERAGE=0 -DVM_SC=0 -DVM_TRACE=0 -DVM_TRACE_FST=0 -DVM_TRACE_VCD=0 -faligned-new -fcf-protection=none -Wno-bool-operation -Wno-overloaded-virtual -Wno-shadow -Wno-sign-compare -Wno-uninitialized -Wno-unused-but-set-parameter -Wno-unused-but-set-variable -Wno-unused-parameter -Wno-unused-variable     -fPIC -O3 -std=c++17 -ffp-contract=off -fno-fast-math    -c -o Vbf16_context_lane_cluster16_rev8b_b_candidate_idma_reg32_3d_reg_pkg__DepSet_hfe9aa73d__0__Slow.o Vbf16_context_lane_cluster16_rev8b_b_candidate_idma_reg32_3d_reg_pkg__DepSet_hfe9aa73d__0__Slow.cpp
g++   -I.  -MMD -I/home/runner/work/hetero_cnn_llm_aha/hetero_cnn_llm_aha/work/pipeline_components/verilator-runtime/include -I/home/runner/work/hetero_cnn_llm_aha/hetero_cnn_llm_aha/work/pipeline_components/verilator-runtime/include/vltstd -DVM_COVERAGE=0 -DVM_SC=0 -DVM_TRACE=0 -DVM_TRACE_FST=0 -DVM_TRACE_VCD=0 -faligned-new -fcf-protection=none -Wno-bool-operation -Wno-overloaded-virtual -Wno-shadow -Wno-sign-compare -Wno-uninitialized -Wno-unused-but-set-parameter -Wno-unused-but-set-variable -Wno-unused-parameter -Wno-unused-variable     -fPIC -O3 -std=c++17 -ffp-contract=off -fno-fast-math    -c -o Vbf16_context_lane_cluster16_rev8b_b_candidate_idma_reg64_2d_reg_pkg__Slow.o Vbf16_context_lane_cluster16_rev8b_b_candidate_idma_reg64_2d_reg_pkg__Slow.cpp
g++   -I.  -MMD -I/home/runner/work/hetero_cnn_llm_aha/hetero_cnn_llm_aha/work/pipeline_components/verilator-runtime/include -I/home/runner/work/hetero_cnn_llm_aha/hetero_cnn_llm_aha/work/pipeline_components/verilator-runtime/include/vltstd -DVM_COVERAGE=0 -DVM_SC=0 -DVM_TRACE=0 -DVM_TRACE_FST=0 -DVM_TRACE_VCD=0 -faligned-new -fcf-protection=none -Wno-bool-operation -Wno-overloaded-virtual -Wno-shadow -Wno-sign-compare -Wno-uninitialized -Wno-unused-but-set-parameter -Wno-unused-but-set-variable -Wno-unused-parameter -Wno-unused-variable     -fPIC -O3 -std=c++17 -ffp-contract=off -fno-fast-math    -c -o Vbf16_context_lane_cluster16_rev8b_b_candidate_idma_reg64_2d_reg_pkg__DepSet_h80448f65__0__Slow.o Vbf16_context_lane_cluster16_rev8b_b_candidate_idma_reg64_2d_reg_pkg__DepSet_h80448f65__0__Slow.cpp
g++   -I.  -MMD -I/home/runner/work/hetero_cnn_llm_aha/hetero_cnn_llm_aha/work/pipeline_components/verilator-runtime/include -I/home/runner/work/hetero_cnn_llm_aha/hetero_cnn_llm_aha/work/pipeline_components/verilator-runtime/include/vltstd -DVM_COVERAGE=0 -DVM_SC=0 -DVM_TRACE=0 -DVM_TRACE_FST=0 -DVM_TRACE_VCD=0 -faligned-new -fcf-protection=none -Wno-bool-operation -Wno-overloaded-virtual -Wno-shadow -Wno-sign-compare -Wno-uninitialized -Wno-unused-but-set-parameter -Wno-unused-but-set-variable -Wno-unused-parameter -Wno-unused-variable     -fPIC -O3 -std=c++17 -ffp-contract=off -fno-fast-math    -c -o Vbf16_context_lane_cluster16_rev8b_b_candidate_idma_reg64_1d_reg_pkg__Slow.o Vbf16_context_lane_cluster16_rev8b_b_candidate_idma_reg64_1d_reg_pkg__Slow.cpp
g++   -I.  -MMD -I/home/runner/work/hetero_cnn_llm_aha/hetero_cnn_llm_aha/work/pipeline_components/verilator-runtime/include -I/home/runner/work/hetero_cnn_llm_aha/hetero_cnn_llm_aha/work/pipeline_components/verilator-runtime/include/vltstd -DVM_COVERAGE=0 -DVM_SC=0 -DVM_TRACE=0 -DVM_TRACE_FST=0 -DVM_TRACE_VCD=0 -faligned-new -fcf-protection=none -Wno-bool-operation -Wno-overloaded-virtual -Wno-shadow -Wno-sign-compare -Wno-uninitialized -Wno-unused-but-set-parameter -Wno-unused-but-set-variable -Wno-unused-parameter -Wno-unused-variable     -fPIC -O3 -std=c++17 -ffp-contract=off -fno-fast-math    -c -o Vbf16_context_lane_cluster16_rev8b_b_candidate_idma_reg64_1d_reg_pkg__DepSet_hf55d458a__0__Slow.o Vbf16_context_lane_cluster16_rev8b_b_candidate_idma_reg64_1d_reg_pkg__DepSet_hf55d458a__0__Slow.cpp
g++   -I.  -MMD -I/home/runner/work/hetero_cnn_llm_aha/hetero_cnn_llm_aha/work/pipeline_components/verilator-runtime/include -I/home/runner/work/hetero_cnn_llm_aha/hetero_cnn_llm_aha/work/pipeline_components/verilator-runtime/include/vltstd -DVM_COVERAGE=0 -DVM_SC=0 -DVM_TRACE=0 -DVM_TRACE_FST=0 -DVM_TRACE_VCD=0 -faligned-new -fcf-protection=none -Wno-bool-operation -Wno-overloaded-virtual -Wno-shadow -Wno-sign-compare -Wno-uninitialized -Wno-unused-but-set-parameter -Wno-unused-but-set-variable -Wno-unused-parameter -Wno-unused-variable     -fPIC -O3 -std=c++17 -ffp-contract=off -fno-fast-math    -c -o Vbf16_context_lane_cluster16_rev8b_b_candidate_idma_desc64_reg_pkg__Slow.o Vbf16_context_lane_cluster16_rev8b_b_candidate_idma_desc64_reg_pkg__Slow.cpp
g++   -I.  -MMD -I/home/runner/work/hetero_cnn_llm_aha/hetero_cnn_llm_aha/work/pipeline_components/verilator-runtime/include -I/home/runner/work/hetero_cnn_llm_aha/hetero_cnn_llm_aha/work/pipeline_components/verilator-runtime/include/vltstd -DVM_COVERAGE=0 -DVM_SC=0 -DVM_TRACE=0 -DVM_TRACE_FST=0 -DVM_TRACE_VCD=0 -faligned-new -fcf-protection=none -Wno-bool-operation -Wno-overloaded-virtual -Wno-shadow -Wno-sign-compare -Wno-uninitialized -Wno-unused-but-set-parameter -Wno-unused-but-set-variable -Wno-unused-parameter -Wno-unused-variable     -fPIC -O3 -std=c++17 -ffp-contract=off -fno-fast-math    -c -o Vbf16_context_lane_cluster16_rev8b_b_candidate_idma_desc64_reg_pkg__DepSet_h86c206b3__0__Slow.o Vbf16_context_lane_cluster16_rev8b_b_candidate_idma_desc64_reg_pkg__DepSet_h86c206b3__0__Slow.cpp
g++   -I.  -MMD -I/home/runner/work/hetero_cnn_llm_aha/hetero_cnn_llm_aha/work/pipeline_components/verilator-runtime/include -I/home/runner/work/hetero_cnn_llm_aha/hetero_cnn_llm_aha/work/pipeline_components/verilator-runtime/include/vltstd -DVM_COVERAGE=0 -DVM_SC=0 -DVM_TRACE=0 -DVM_TRACE_FST=0 -DVM_TRACE_VCD=0 -faligned-new -fcf-protection=none -Wno-bool-operation -Wno-overloaded-virtual -Wno-shadow -Wno-sign-compare -Wno-uninitialized -Wno-unused-but-set-parameter -Wno-unused-but-set-variable -Wno-unused-parameter -Wno-unused-variable     -fPIC -O3 -std=c++17 -ffp-contract=off -fno-fast-math    -c -o Vbf16_context_lane_cluster16_rev8b_b_candidate__Syms.o Vbf16_context_lane_cluster16_rev8b_b_candidate__Syms.cpp
Archive ar -rcs libbf16_context_lane_cluster16_rev8b_b_candidate.a Vbf16_context_lane_cluster16_rev8b_b_candidate.o Vbf16_context_lane_cluster16_rev8b_b_candidate___024root__DepSet_h6ee09ac0__0.o Vbf16_context_lane_cluster16_rev8b_b_candidate___024root__DepSet_h93b2fa63__0.o Vbf16_context_lane_cluster16_rev8b_b_candidate_bf16_context_fma_pipeline_lane5_rev8b_b_candidate__DepSet_h83af4dd3__0.o Vbf16_context_lane_cluster16_rev8b_b_candidate_bf16_context_fma_pipeline_lane5_rev8b_b_candidate__DepSet_h83af4dd3__1.o Vbf16_context_lane_cluster16_rev8b_b_candidate_bf16_context_fma_pipeline_lane5_rev8b_b_candidate__DepSet_h83af4dd3__2.o Vbf16_context_lane_cluster16_rev8b_b_candidate_bf16_context_fma_pipeline_lane5_rev8b_b_candidate__DepSet_h83af4dd3__3.o Vbf16_context_lane_cluster16_rev8b_b_candidate_idma_reg32_3d_reg_pkg__DepSet_hfe9aa73d__0.o Vbf16_context_lane_cluster16_rev8b_b_candidate_idma_reg64_2d_reg_pkg__DepSet_h80448f65__0.o Vbf16_context_lane_cluster16_rev8b_b_candidate_idma_reg64_1d_reg_pkg__DepSet_hf55d458a__0.o Vbf16_context_lane_cluster16_rev8b_b_candidate_idma_desc64_reg_pkg__DepSet_h86c206b3__0.o Vbf16_context_lane_cluster16_rev8b_b_candidate___024root__Slow.o Vbf16_context_lane_cluster16_rev8b_b_candidate___024root__DepSet_h6ee09ac0__0__Slow.o Vbf16_context_lane_cluster16_rev8b_b_candidate___024root__DepSet_h93b2fa63__0__Slow.o Vbf16_context_lane_cluster16_rev8b_b_candidate_bf16_context_fma_pipeline_lane5_rev8b_b_candidate__Slow.o Vbf16_context_lane_cluster16_rev8b_b_candidate_bf16_context_fma_pipeline_lane5_rev8b_b_candidate__DepSet_h80feab54__0__Slow.o Vbf16_context_lane_cluster16_rev8b_b_candidate_idma_reg32_3d_reg_pkg__Slow.o Vbf16_context_lane_cluster16_rev8b_b_candidate_idma_reg32_3d_reg_pkg__DepSet_hfe9aa73d__0__Slow.o Vbf16_context_lane_cluster16_rev8b_b_candidate_idma_reg64_2d_reg_pkg__Slow.o Vbf16_context_lane_cluster16_rev8b_b_candidate_idma_reg64_2d_reg_pkg__DepSet_h80448f65__0__Slow.o Vbf16_context_lane_cluster16_rev8b_b_candidate_idma_reg64_1d_reg_pkg__Slow.o Vbf16_context_lane_cluster16_rev8b_b_candidate_idma_reg64_1d_reg_pkg__DepSet_hf55d458a__0__Slow.o Vbf16_context_lane_cluster16_rev8b_b_candidate_idma_desc64_reg_pkg__Slow.o Vbf16_context_lane_cluster16_rev8b_b_candidate_idma_desc64_reg_pkg__DepSet_h86c206b3__0__Slow.o Vbf16_context_lane_cluster16_rev8b_b_candidate__Syms.o bf16_context_lane_cluster16_rev8b_b_candidate.o
rm libbf16_context_lane_cluster16_rev8b_b_candidate.verilator_deplist.tmp
make[1]: Leaving directory '/home/runner/work/hetero_cnn_llm_aha/hetero_cnn_llm_aha/work/pipeline_components/StreamingDense/obj/Vbf16_context_lane_cluster16_rev8b_b_candidate'
make -f Vqwen2_matrix_command_endpoint.mk -C Vqwen2_matrix_command_endpoint VM_PREFIX=Vqwen2_matrix_command_endpoint
make[1]: Entering directory '/home/runner/work/hetero_cnn_llm_aha/hetero_cnn_llm_aha/work/pipeline_components/StreamingDense/obj/Vqwen2_matrix_command_endpoint'
g++ -O3  -I.  -MMD -I/home/runner/work/hetero_cnn_llm_aha/hetero_cnn_llm_aha/work/pipeline_components/verilator-runtime/include -I/home/runner/work/hetero_cnn_llm_aha/hetero_cnn_llm_aha/work/pipeline_components/verilator-runtime/include/vltstd -DVM_COVERAGE=0 -DVM_SC=0 -DVM_TRACE=0 -DVM_TRACE_FST=0 -DVM_TRACE_VCD=0 -faligned-new -fcf-protection=none -Wno-bool-operation -Wno-overloaded-virtual -Wno-shadow -Wno-sign-compare -Wno-uninitialized -Wno-unused-but-set-parameter -Wno-unused-but-set-variable -Wno-unused-parameter -Wno-unused-variable     -fPIC -O3 -std=c++17 -ffp-contract=off -fno-fast-math   -x c++-header Vqwen2_matrix_command_endpoint__pch.h -o Vqwen2_matrix_command_endpoint__pch.h.fast.gch
g++   -I.  -MMD -I/home/runner/work/hetero_cnn_llm_aha/hetero_cnn_llm_aha/work/pipeline_components/verilator-runtime/include -I/home/runner/work/hetero_cnn_llm_aha/hetero_cnn_llm_aha/work/pipeline_components/verilator-runtime/include/vltstd -DVM_COVERAGE=0 -DVM_SC=0 -DVM_TRACE=0 -DVM_TRACE_FST=0 -DVM_TRACE_VCD=0 -faligned-new -fcf-protection=none -Wno-bool-operation -Wno-overloaded-virtual -Wno-shadow -Wno-sign-compare -Wno-uninitialized -Wno-unused-but-set-parameter -Wno-unused-but-set-variable -Wno-unused-parameter -Wno-unused-variable     -fPIC -O3 -std=c++17 -ffp-contract=off -fno-fast-math   -x c++-header Vqwen2_matrix_command_endpoint__pch.h -o Vqwen2_matrix_command_endpoint__pch.h.slow.gch
g++ -O3  -I.  -MMD -I/home/runner/work/hetero_cnn_llm_aha/hetero_cnn_llm_aha/work/pipeline_components/verilator-runtime/include -I/home/runner/work/hetero_cnn_llm_aha/hetero_cnn_llm_aha/work/pipeline_components/verilator-runtime/include/vltstd -DVM_COVERAGE=0 -DVM_SC=0 -DVM_TRACE=0 -DVM_TRACE_FST=0 -DVM_TRACE_VCD=0 -faligned-new -fcf-protection=none -Wno-bool-operation -Wno-overloaded-virtual -Wno-shadow -Wno-sign-compare -Wno-uninitialized -Wno-unused-but-set-parameter -Wno-unused-but-set-variable -Wno-unused-parameter -Wno-unused-variable     -fPIC -O3 -std=c++17 -ffp-contract=off -fno-fast-math   -c -o qwen2_matrix_command_endpoint.o qwen2_matrix_command_endpoint.cpp
echo "" > libqwen2_matrix_command_endpoint.verilator_deplist.tmp
g++ -O3  -I.  -MMD -I/home/runner/work/hetero_cnn_llm_aha/hetero_cnn_llm_aha/work/pipeline_components/verilator-runtime/include -I/home/runner/work/hetero_cnn_llm_aha/hetero_cnn_llm_aha/work/pipeline_components/verilator-runtime/include/vltstd -DVM_COVERAGE=0 -DVM_SC=0 -DVM_TRACE=0 -DVM_TRACE_FST=0 -DVM_TRACE_VCD=0 -faligned-new -fcf-protection=none -Wno-bool-operation -Wno-overloaded-virtual -Wno-shadow -Wno-sign-compare -Wno-uninitialized -Wno-unused-but-set-parameter -Wno-unused-but-set-variable -Wno-unused-parameter -Wno-unused-variable     -fPIC -O3 -std=c++17 -ffp-contract=off -fno-fast-math    -c -o Vqwen2_matrix_command_endpoint.o Vqwen2_matrix_command_endpoint.cpp
g++ -O3  -I.  -MMD -I/home/runner/work/hetero_cnn_llm_aha/hetero_cnn_llm_aha/work/pipeline_components/verilator-runtime/include -I/home/runner/work/hetero_cnn_llm_aha/hetero_cnn_llm_aha/work/pipeline_components/verilator-runtime/include/vltstd -DVM_COVERAGE=0 -DVM_SC=0 -DVM_TRACE=0 -DVM_TRACE_FST=0 -DVM_TRACE_VCD=0 -faligned-new -fcf-protection=none -Wno-bool-operation -Wno-overloaded-virtual -Wno-shadow -Wno-sign-compare -Wno-uninitialized -Wno-unused-but-set-parameter -Wno-unused-but-set-variable -Wno-unused-parameter -Wno-unused-variable     -fPIC -O3 -std=c++17 -ffp-contract=off -fno-fast-math    -c -o Vqwen2_matrix_command_endpoint___024root__DepSet_he959708b__0.o Vqwen2_matrix_command_endpoint___024root__DepSet_he959708b__0.cpp
g++ -O3  -I.  -MMD -I/home/runner/work/hetero_cnn_llm_aha/hetero_cnn_llm_aha/work/pipeline_components/verilator-runtime/include -I/home/runner/work/hetero_cnn_llm_aha/hetero_cnn_llm_aha/work/pipeline_components/verilator-runtime/include/vltstd -DVM_COVERAGE=0 -DVM_SC=0 -DVM_TRACE=0 -DVM_TRACE_FST=0 -DVM_TRACE_VCD=0 -faligned-new -fcf-protection=none -Wno-bool-operation -Wno-overloaded-virtual -Wno-shadow -Wno-sign-compare -Wno-uninitialized -Wno-unused-but-set-parameter -Wno-unused-but-set-variable -Wno-unused-parameter -Wno-unused-variable     -fPIC -O3 -std=c++17 -ffp-contract=off -fno-fast-math    -c -o Vqwen2_matrix_command_endpoint___024root__DepSet_he63927f2__0.o Vqwen2_matrix_command_endpoint___024root__DepSet_he63927f2__0.cpp
g++ -O3  -I.  -MMD -I/home/runner/work/hetero_cnn_llm_aha/hetero_cnn_llm_aha/work/pipeline_components/verilator-runtime/include -I/home/runner/work/hetero_cnn_llm_aha/hetero_cnn_llm_aha/work/pipeline_components/verilator-runtime/include/vltstd -DVM_COVERAGE=0 -DVM_SC=0 -DVM_TRACE=0 -DVM_TRACE_FST=0 -DVM_TRACE_VCD=0 -faligned-new -fcf-protection=none -Wno-bool-operation -Wno-overloaded-virtual -Wno-shadow -Wno-sign-compare -Wno-uninitialized -Wno-unused-but-set-parameter -Wno-unused-but-set-variable -Wno-unused-parameter -Wno-unused-variable     -fPIC -O3 -std=c++17 -ffp-contract=off -fno-fast-math    -c -o Vqwen2_matrix_command_endpoint_idma_reg32_3d_reg_pkg__DepSet_h3d37fb8d__0.o Vqwen2_matrix_command_endpoint_idma_reg32_3d_reg_pkg__DepSet_h3d37fb8d__0.cpp
g++ -O3  -I.  -MMD -I/home/runner/work/hetero_cnn_llm_aha/hetero_cnn_llm_aha/work/pipeline_components/verilator-runtime/include -I/home/runner/work/hetero_cnn_llm_aha/hetero_cnn_llm_aha/work/pipeline_components/verilator-runtime/include/vltstd -DVM_COVERAGE=0 -DVM_SC=0 -DVM_TRACE=0 -DVM_TRACE_FST=0 -DVM_TRACE_VCD=0 -faligned-new -fcf-protection=none -Wno-bool-operation -Wno-overloaded-virtual -Wno-shadow -Wno-sign-compare -Wno-uninitialized -Wno-unused-but-set-parameter -Wno-unused-but-set-variable -Wno-unused-parameter -Wno-unused-variable     -fPIC -O3 -std=c++17 -ffp-contract=off -fno-fast-math    -c -o Vqwen2_matrix_command_endpoint_idma_reg64_2d_reg_pkg__DepSet_h41c99f3d__0.o Vqwen2_matrix_command_endpoint_idma_reg64_2d_reg_pkg__DepSet_h41c99f3d__0.cpp
g++ -O3  -I.  -MMD -I/home/runner/work/hetero_cnn_llm_aha/hetero_cnn_llm_aha/work/pipeline_components/verilator-runtime/include -I/home/runner/work/hetero_cnn_llm_aha/hetero_cnn_llm_aha/work/pipeline_components/verilator-runtime/include/vltstd -DVM_COVERAGE=0 -DVM_SC=0 -DVM_TRACE=0 -DVM_TRACE_FST=0 -DVM_TRACE_VCD=0 -faligned-new -fcf-protection=none -Wno-bool-operation -Wno-overloaded-virtual -Wno-shadow -Wno-sign-compare -Wno-uninitialized -Wno-unused-but-set-parameter -Wno-unused-but-set-variable -Wno-unused-parameter -Wno-unused-variable     -fPIC -O3 -std=c++17 -ffp-contract=off -fno-fast-math    -c -o Vqwen2_matrix_command_endpoint_idma_reg64_1d_reg_pkg__DepSet_hd9e235ce__0.o Vqwen2_matrix_command_endpoint_idma_reg64_1d_reg_pkg__DepSet_hd9e235ce__0.cpp
g++ -O3  -I.  -MMD -I/home/runner/work/hetero_cnn_llm_aha/hetero_cnn_llm_aha/work/pipeline_components/verilator-runtime/include -I/home/runner/work/hetero_cnn_llm_aha/hetero_cnn_llm_aha/work/pipeline_components/verilator-runtime/include/vltstd -DVM_COVERAGE=0 -DVM_SC=0 -DVM_TRACE=0 -DVM_TRACE_FST=0 -DVM_TRACE_VCD=0 -faligned-new -fcf-protection=none -Wno-bool-operation -Wno-overloaded-virtual -Wno-shadow -Wno-sign-compare -Wno-uninitialized -Wno-unused-but-set-parameter -Wno-unused-but-set-variable -Wno-unused-parameter -Wno-unused-variable     -fPIC -O3 -std=c++17 -ffp-contract=off -fno-fast-math    -c -o Vqwen2_matrix_command_endpoint_bf16_context_lane_cluster16_rev8b_b_candidate__DepSet_hc67d292d__0.o Vqwen2_matrix_command_endpoint_bf16_context_lane_cluster16_rev8b_b_candidate__DepSet_hc67d292d__0.cpp
g++ -O3  -I.  -MMD -I/home/runner/work/hetero_cnn_llm_aha/hetero_cnn_llm_aha/work/pipeline_components/verilator-runtime/include -I/home/runner/work/hetero_cnn_llm_aha/hetero_cnn_llm_aha/work/pipeline_components/verilator-runtime/include/vltstd -DVM_COVERAGE=0 -DVM_SC=0 -DVM_TRACE=0 -DVM_TRACE_FST=0 -DVM_TRACE_VCD=0 -faligned-new -fcf-protection=none -Wno-bool-operation -Wno-overloaded-virtual -Wno-shadow -Wno-sign-compare -Wno-uninitialized -Wno-unused-but-set-parameter -Wno-unused-but-set-variable -Wno-unused-parameter -Wno-unused-variable     -fPIC -O3 -std=c++17 -ffp-contract=off -fno-fast-math    -c -o Vqwen2_matrix_command_endpoint_bf16_context_lane_cluster16_rev8b_b_candidate__DepSet_hc67d292d__1.o Vqwen2_matrix_command_endpoint_bf16_context_lane_cluster16_rev8b_b_candidate__DepSet_hc67d292d__1.cpp
g++ -O3  -I.  -MMD -I/home/runner/work/hetero_cnn_llm_aha/hetero_cnn_llm_aha/work/pipeline_components/verilator-runtime/include -I/home/runner/work/hetero_cnn_llm_aha/hetero_cnn_llm_aha/work/pipeline_components/verilator-runtime/include/vltstd -DVM_COVERAGE=0 -DVM_SC=0 -DVM_TRACE=0 -DVM_TRACE_FST=0 -DVM_TRACE_VCD=0 -faligned-new -fcf-protection=none -Wno-bool-operation -Wno-overloaded-virtual -Wno-shadow -Wno-sign-compare -Wno-uninitialized -Wno-unused-but-set-parameter -Wno-unused-but-set-variable -Wno-unused-parameter -Wno-unused-variable     -fPIC -O3 -std=c++17 -ffp-contract=off -fno-fast-math    -c -o Vqwen2_matrix_command_endpoint_bf16_context_lane_cluster16_rev8b_b_candidate__DepSet_hc67d292d__2.o Vqwen2_matrix_command_endpoint_bf16_context_lane_cluster16_rev8b_b_candidate__DepSet_hc67d292d__2.cpp
g++ -O3  -I.  -MMD -I/home/runner/work/hetero_cnn_llm_aha/hetero_cnn_llm_aha/work/pipeline_components/verilator-runtime/include -I/home/runner/work/hetero_cnn_llm_aha/hetero_cnn_llm_aha/work/pipeline_components/verilator-runtime/include/vltstd -DVM_COVERAGE=0 -DVM_SC=0 -DVM_TRACE=0 -DVM_TRACE_FST=0 -DVM_TRACE_VCD=0 -faligned-new -fcf-protection=none -Wno-bool-operation -Wno-overloaded-virtual -Wno-shadow -Wno-sign-compare -Wno-uninitialized -Wno-unused-but-set-parameter -Wno-unused-but-set-variable -Wno-unused-parameter -Wno-unused-variable     -fPIC -O3 -std=c++17 -ffp-contract=off -fno-fast-math    -c -o Vqwen2_matrix_command_endpoint_bf16_context_lane_cluster16_rev8b_b_candidate__DepSet_hf91cee90__0.o Vqwen2_matrix_command_endpoint_bf16_context_lane_cluster16_rev8b_b_candidate__DepSet_hf91cee90__0.cpp
g++ -O3  -I.  -MMD -I/home/runner/work/hetero_cnn_llm_aha/hetero_cnn_llm_aha/work/pipeline_components/verilator-runtime/include -I/home/runner/work/hetero_cnn_llm_aha/hetero_cnn_llm_aha/work/pipeline_components/verilator-runtime/include/vltstd -DVM_COVERAGE=0 -DVM_SC=0 -DVM_TRACE=0 -DVM_TRACE_FST=0 -DVM_TRACE_VCD=0 -faligned-new -fcf-protection=none -Wno-bool-operation -Wno-overloaded-virtual -Wno-shadow -Wno-sign-compare -Wno-uninitialized -Wno-unused-but-set-parameter -Wno-unused-but-set-variable -Wno-unused-parameter -Wno-unused-variable     -fPIC -O3 -std=c++17 -ffp-contract=off -fno-fast-math    -c -o Vqwen2_matrix_command_endpoint_idma_desc64_reg_pkg__DepSet_h5a9280c5__0.o Vqwen2_matrix_command_endpoint_idma_desc64_reg_pkg__DepSet_h5a9280c5__0.cpp
g++ -O3  -I.  -MMD -I/home/runner/work/hetero_cnn_llm_aha/hetero_cnn_llm_aha/work/pipeline_components/verilator-runtime/include -I/home/runner/work/hetero_cnn_llm_aha/hetero_cnn_llm_aha/work/pipeline_components/verilator-runtime/include/vltstd -DVM_COVERAGE=0 -DVM_SC=0 -DVM_TRACE=0 -DVM_TRACE_FST=0 -DVM_TRACE_VCD=0 -faligned-new -fcf-protection=none -Wno-bool-operation -Wno-overloaded-virtual -Wno-shadow -Wno-sign-compare -Wno-uninitialized -Wno-unused-but-set-parameter -Wno-unused-but-set-variable -Wno-unused-parameter -Wno-unused-variable     -fPIC -O3 -std=c++17 -ffp-contract=off -fno-fast-math    -c -o Vqwen2_matrix_command_endpoint__Dpi.o Vqwen2_matrix_command_endpoint__Dpi.cpp
g++   -I.  -MMD -I/home/runner/work/hetero_cnn_llm_aha/hetero_cnn_llm_aha/work/pipeline_components/verilator-runtime/include -I/home/runner/work/hetero_cnn_llm_aha/hetero_cnn_llm_aha/work/pipeline_components/verilator-runtime/include/vltstd -DVM_COVERAGE=0 -DVM_SC=0 -DVM_TRACE=0 -DVM_TRACE_FST=0 -DVM_TRACE_VCD=0 -faligned-new -fcf-protection=none -Wno-bool-operation -Wno-overloaded-virtual -Wno-shadow -Wno-sign-compare -Wno-uninitialized -Wno-unused-but-set-parameter -Wno-unused-but-set-variable -Wno-unused-parameter -Wno-unused-variable     -fPIC -O3 -std=c++17 -ffp-contract=off -fno-fast-math    -c -o Vqwen2_matrix_command_endpoint___024root__Slow.o Vqwen2_matrix_command_endpoint___024root__Slow.cpp
g++   -I.  -MMD -I/home/runner/work/hetero_cnn_llm_aha/hetero_cnn_llm_aha/work/pipeline_components/verilator-runtime/include -I/home/runner/work/hetero_cnn_llm_aha/hetero_cnn_llm_aha/work/pipeline_components/verilator-runtime/include/vltstd -DVM_COVERAGE=0 -DVM_SC=0 -DVM_TRACE=0 -DVM_TRACE_FST=0 -DVM_TRACE_VCD=0 -faligned-new -fcf-protection=none -Wno-bool-operation -Wno-overloaded-virtual -Wno-shadow -Wno-sign-compare -Wno-uninitialized -Wno-unused-but-set-parameter -Wno-unused-but-set-variable -Wno-unused-parameter -Wno-unused-variable     -fPIC -O3 -std=c++17 -ffp-contract=off -fno-fast-math    -c -o Vqwen2_matrix_command_endpoint___024root__DepSet_he959708b__0__Slow.o Vqwen2_matrix_command_endpoint___024root__DepSet_he959708b__0__Slow.cpp
g++   -I.  -MMD -I/home/runner/work/hetero_cnn_llm_aha/hetero_cnn_llm_aha/work/pipeline_components/verilator-runtime/include -I/home/runner/work/hetero_cnn_llm_aha/hetero_cnn_llm_aha/work/pipeline_components/verilator-runtime/include/vltstd -DVM_COVERAGE=0 -DVM_SC=0 -DVM_TRACE=0 -DVM_TRACE_FST=0 -DVM_TRACE_VCD=0 -faligned-new -fcf-protection=none -Wno-bool-operation -Wno-overloaded-virtual -Wno-shadow -Wno-sign-compare -Wno-uninitialized -Wno-unused-but-set-parameter -Wno-unused-but-set-variable -Wno-unused-parameter -Wno-unused-variable     -fPIC -O3 -std=c++17 -ffp-contract=off -fno-fast-math    -c -o Vqwen2_matrix_command_endpoint___024root__DepSet_he63927f2__0__Slow.o Vqwen2_matrix_command_endpoint___024root__DepSet_he63927f2__0__Slow.cpp
g++   -I.  -MMD -I/home/runner/work/hetero_cnn_llm_aha/hetero_cnn_llm_aha/work/pipeline_components/verilator-runtime/include -I/home/runner/work/hetero_cnn_llm_aha/hetero_cnn_llm_aha/work/pipeline_components/verilator-runtime/include/vltstd -DVM_COVERAGE=0 -DVM_SC=0 -DVM_TRACE=0 -DVM_TRACE_FST=0 -DVM_TRACE_VCD=0 -faligned-new -fcf-protection=none -Wno-bool-operation -Wno-overloaded-virtual -Wno-shadow -Wno-sign-compare -Wno-uninitialized -Wno-unused-but-set-parameter -Wno-unused-but-set-variable -Wno-unused-parameter -Wno-unused-variable     -fPIC -O3 -std=c++17 -ffp-contract=off -fno-fast-math    -c -o Vqwen2_matrix_command_endpoint_idma_reg32_3d_reg_pkg__Slow.o Vqwen2_matrix_command_endpoint_idma_reg32_3d_reg_pkg__Slow.cpp
g++   -I.  -MMD -I/home/runner/work/hetero_cnn_llm_aha/hetero_cnn_llm_aha/work/pipeline_components/verilator-runtime/include -I/home/runner/work/hetero_cnn_llm_aha/hetero_cnn_llm_aha/work/pipeline_components/verilator-runtime/include/vltstd -DVM_COVERAGE=0 -DVM_SC=0 -DVM_TRACE=0 -DVM_TRACE_FST=0 -DVM_TRACE_VCD=0 -faligned-new -fcf-protection=none -Wno-bool-operation -Wno-overloaded-virtual -Wno-shadow -Wno-sign-compare -Wno-uninitialized -Wno-unused-but-set-parameter -Wno-unused-but-set-variable -Wno-unused-parameter -Wno-unused-variable     -fPIC -O3 -std=c++17 -ffp-contract=off -fno-fast-math    -c -o Vqwen2_matrix_command_endpoint_idma_reg32_3d_reg_pkg__DepSet_h3d37fb8d__0__Slow.o Vqwen2_matrix_command_endpoint_idma_reg32_3d_reg_pkg__DepSet_h3d37fb8d__0__Slow.cpp
g++   -I.  -MMD -I/home/runner/work/hetero_cnn_llm_aha/hetero_cnn_llm_aha/work/pipeline_components/verilator-runtime/include -I/home/runner/work/hetero_cnn_llm_aha/hetero_cnn_llm_aha/work/pipeline_components/verilator-runtime/include/vltstd -DVM_COVERAGE=0 -DVM_SC=0 -DVM_TRACE=0 -DVM_TRACE_FST=0 -DVM_TRACE_VCD=0 -faligned-new -fcf-protection=none -Wno-bool-operation -Wno-overloaded-virtual -Wno-shadow -Wno-sign-compare -Wno-uninitialized -Wno-unused-but-set-parameter -Wno-unused-but-set-variable -Wno-unused-parameter -Wno-unused-variable     -fPIC -O3 -std=c++17 -ffp-contract=off -fno-fast-math    -c -o Vqwen2_matrix_command_endpoint_idma_reg64_2d_reg_pkg__Slow.o Vqwen2_matrix_command_endpoint_idma_reg64_2d_reg_pkg__Slow.cpp
g++   -I.  -MMD -I/home/runner/work/hetero_cnn_llm_aha/hetero_cnn_llm_aha/work/pipeline_components/verilator-runtime/include -I/home/runner/work/hetero_cnn_llm_aha/hetero_cnn_llm_aha/work/pipeline_components/verilator-runtime/include/vltstd -DVM_COVERAGE=0 -DVM_SC=0 -DVM_TRACE=0 -DVM_TRACE_FST=0 -DVM_TRACE_VCD=0 -faligned-new -fcf-protection=none -Wno-bool-operation -Wno-overloaded-virtual -Wno-shadow -Wno-sign-compare -Wno-uninitialized -Wno-unused-but-set-parameter -Wno-unused-but-set-variable -Wno-unused-parameter -Wno-unused-variable     -fPIC -O3 -std=c++17 -ffp-contract=off -fno-fast-math    -c -o Vqwen2_matrix_command_endpoint_idma_reg64_2d_reg_pkg__DepSet_h41c99f3d__0__Slow.o Vqwen2_matrix_command_endpoint_idma_reg64_2d_reg_pkg__DepSet_h41c99f3d__0__Slow.cpp
g++   -I.  -MMD -I/home/runner/work/hetero_cnn_llm_aha/hetero_cnn_llm_aha/work/pipeline_components/verilator-runtime/include -I/home/runner/work/hetero_cnn_llm_aha/hetero_cnn_llm_aha/work/pipeline_components/verilator-runtime/include/vltstd -DVM_COVERAGE=0 -DVM_SC=0 -DVM_TRACE=0 -DVM_TRACE_FST=0 -DVM_TRACE_VCD=0 -faligned-new -fcf-protection=none -Wno-bool-operation -Wno-overloaded-virtual -Wno-shadow -Wno-sign-compare -Wno-uninitialized -Wno-unused-but-set-parameter -Wno-unused-but-set-variable -Wno-unused-parameter -Wno-unused-variable     -fPIC -O3 -std=c++17 -ffp-contract=off -fno-fast-math    -c -o Vqwen2_matrix_command_endpoint_idma_reg64_1d_reg_pkg__Slow.o Vqwen2_matrix_command_endpoint_idma_reg64_1d_reg_pkg__Slow.cpp
g++   -I.  -MMD -I/home/runner/work/hetero_cnn_llm_aha/hetero_cnn_llm_aha/work/pipeline_components/verilator-runtime/include -I/home/runner/work/hetero_cnn_llm_aha/hetero_cnn_llm_aha/work/pipeline_components/verilator-runtime/include/vltstd -DVM_COVERAGE=0 -DVM_SC=0 -DVM_TRACE=0 -DVM_TRACE_FST=0 -DVM_TRACE_VCD=0 -faligned-new -fcf-protection=none -Wno-bool-operation -Wno-overloaded-virtual -Wno-shadow -Wno-sign-compare -Wno-uninitialized -Wno-unused-but-set-parameter -Wno-unused-but-set-variable -Wno-unused-parameter -Wno-unused-variable     -fPIC -O3 -std=c++17 -ffp-contract=off -fno-fast-math    -c -o Vqwen2_matrix_command_endpoint_idma_reg64_1d_reg_pkg__DepSet_hd9e235ce__0__Slow.o Vqwen2_matrix_command_endpoint_idma_reg64_1d_reg_pkg__DepSet_hd9e235ce__0__Slow.cpp
g++   -I.  -MMD -I/home/runner/work/hetero_cnn_llm_aha/hetero_cnn_llm_aha/work/pipeline_components/verilator-runtime/include -I/home/runner/work/hetero_cnn_llm_aha/hetero_cnn_llm_aha/work/pipeline_components/verilator-runtime/include/vltstd -DVM_COVERAGE=0 -DVM_SC=0 -DVM_TRACE=0 -DVM_TRACE_FST=0 -DVM_TRACE_VCD=0 -faligned-new -fcf-protection=none -Wno-bool-operation -Wno-overloaded-virtual -Wno-shadow -Wno-sign-compare -Wno-uninitialized -Wno-unused-but-set-parameter -Wno-unused-but-set-variable -Wno-unused-parameter -Wno-unused-variable     -fPIC -O3 -std=c++17 -ffp-contract=off -fno-fast-math    -c -o Vqwen2_matrix_command_endpoint_bf16_context_lane_cluster16_rev8b_b_candidate__Slow.o Vqwen2_matrix_command_endpoint_bf16_context_lane_cluster16_rev8b_b_candidate__Slow.cpp
g++   -I.  -MMD -I/home/runner/work/hetero_cnn_llm_aha/hetero_cnn_llm_aha/work/pipeline_components/verilator-runtime/include -I/home/runner/work/hetero_cnn_llm_aha/hetero_cnn_llm_aha/work/pipeline_components/verilator-runtime/include/vltstd -DVM_COVERAGE=0 -DVM_SC=0 -DVM_TRACE=0 -DVM_TRACE_FST=0 -DVM_TRACE_VCD=0 -faligned-new -fcf-protection=none -Wno-bool-operation -Wno-overloaded-virtual -Wno-shadow -Wno-sign-compare -Wno-uninitialized -Wno-unused-but-set-parameter -Wno-unused-but-set-variable -Wno-unused-parameter -Wno-unused-variable     -fPIC -O3 -std=c++17 -ffp-contract=off -fno-fast-math    -c -o Vqwen2_matrix_command_endpoint_bf16_context_lane_cluster16_rev8b_b_candidate__DepSet_hc67d292d__0__Slow.o Vqwen2_matrix_command_endpoint_bf16_context_lane_cluster16_rev8b_b_candidate__DepSet_hc67d292d__0__Slow.cpp
g++   -I.  -MMD -I/home/runner/work/hetero_cnn_llm_aha/hetero_cnn_llm_aha/work/pipeline_components/verilator-runtime/include -I/home/runner/work/hetero_cnn_llm_aha/hetero_cnn_llm_aha/work/pipeline_components/verilator-runtime/include/vltstd -DVM_COVERAGE=0 -DVM_SC=0 -DVM_TRACE=0 -DVM_TRACE_FST=0 -DVM_TRACE_VCD=0 -faligned-new -fcf-protection=none -Wno-bool-operation -Wno-overloaded-virtual -Wno-shadow -Wno-sign-compare -Wno-uninitialized -Wno-unused-but-set-parameter -Wno-unused-but-set-variable -Wno-unused-parameter -Wno-unused-variable     -fPIC -O3 -std=c++17 -ffp-contract=off -fno-fast-math    -c -o Vqwen2_matrix_command_endpoint_bf16_context_lane_cluster16_rev8b_b_candidate__DepSet_hf91cee90__0__Slow.o Vqwen2_matrix_command_endpoint_bf16_context_lane_cluster16_rev8b_b_candidate__DepSet_hf91cee90__0__Slow.cpp
g++   -I.  -MMD -I/home/runner/work/hetero_cnn_llm_aha/hetero_cnn_llm_aha/work/pipeline_components/verilator-runtime/include -I/home/runner/work/hetero_cnn_llm_aha/hetero_cnn_llm_aha/work/pipeline_components/verilator-runtime/include/vltstd -DVM_COVERAGE=0 -DVM_SC=0 -DVM_TRACE=0 -DVM_TRACE_FST=0 -DVM_TRACE_VCD=0 -faligned-new -fcf-protection=none -Wno-bool-operation -Wno-overloaded-virtual -Wno-shadow -Wno-sign-compare -Wno-uninitialized -Wno-unused-but-set-parameter -Wno-unused-but-set-variable -Wno-unused-parameter -Wno-unused-variable     -fPIC -O3 -std=c++17 -ffp-contract=off -fno-fast-math    -c -o Vqwen2_matrix_command_endpoint_idma_desc64_reg_pkg__Slow.o Vqwen2_matrix_command_endpoint_idma_desc64_reg_pkg__Slow.cpp
g++   -I.  -MMD -I/home/runner/work/hetero_cnn_llm_aha/hetero_cnn_llm_aha/work/pipeline_components/verilator-runtime/include -I/home/runner/work/hetero_cnn_llm_aha/hetero_cnn_llm_aha/work/pipeline_components/verilator-runtime/include/vltstd -DVM_COVERAGE=0 -DVM_SC=0 -DVM_TRACE=0 -DVM_TRACE_FST=0 -DVM_TRACE_VCD=0 -faligned-new -fcf-protection=none -Wno-bool-operation -Wno-overloaded-virtual -Wno-shadow -Wno-sign-compare -Wno-uninitialized -Wno-unused-but-set-parameter -Wno-unused-but-set-variable -Wno-unused-parameter -Wno-unused-variable     -fPIC -O3 -std=c++17 -ffp-contract=off -fno-fast-math    -c -o Vqwen2_matrix_command_endpoint_idma_desc64_reg_pkg__DepSet_h5a9280c5__0__Slow.o Vqwen2_matrix_command_endpoint_idma_desc64_reg_pkg__DepSet_h5a9280c5__0__Slow.cpp
g++   -I.  -MMD -I/home/runner/work/hetero_cnn_llm_aha/hetero_cnn_llm_aha/work/pipeline_components/verilator-runtime/include -I/home/runner/work/hetero_cnn_llm_aha/hetero_cnn_llm_aha/work/pipeline_components/verilator-runtime/include/vltstd -DVM_COVERAGE=0 -DVM_SC=0 -DVM_TRACE=0 -DVM_TRACE_FST=0 -DVM_TRACE_VCD=0 -faligned-new -fcf-protection=none -Wno-bool-operation -Wno-overloaded-virtual -Wno-shadow -Wno-sign-compare -Wno-uninitialized -Wno-unused-but-set-parameter -Wno-unused-but-set-variable -Wno-unused-parameter -Wno-unused-variable     -fPIC -O3 -std=c++17 -ffp-contract=off -fno-fast-math    -c -o Vqwen2_matrix_command_endpoint__Syms.o Vqwen2_matrix_command_endpoint__Syms.cpp
Archive ar -rcs libqwen2_matrix_command_endpoint.a Vqwen2_matrix_command_endpoint.o Vqwen2_matrix_command_endpoint___024root__DepSet_he959708b__0.o Vqwen2_matrix_command_endpoint___024root__DepSet_he63927f2__0.o Vqwen2_matrix_command_endpoint_idma_reg32_3d_reg_pkg__DepSet_h3d37fb8d__0.o Vqwen2_matrix_command_endpoint_idma_reg64_2d_reg_pkg__DepSet_h41c99f3d__0.o Vqwen2_matrix_command_endpoint_idma_reg64_1d_reg_pkg__DepSet_hd9e235ce__0.o Vqwen2_matrix_command_endpoint_bf16_context_lane_cluster16_rev8b_b_candidate__DepSet_hc67d292d__0.o Vqwen2_matrix_command_endpoint_bf16_context_lane_cluster16_rev8b_b_candidate__DepSet_hc67d292d__1.o Vqwen2_matrix_command_endpoint_bf16_context_lane_cluster16_rev8b_b_candidate__DepSet_hc67d292d__2.o Vqwen2_matrix_command_endpoint_bf16_context_lane_cluster16_rev8b_b_candidate__DepSet_hf91cee90__0.o Vqwen2_matrix_command_endpoint_idma_desc64_reg_pkg__DepSet_h5a9280c5__0.o Vqwen2_matrix_command_endpoint__Dpi.o Vqwen2_matrix_command_endpoint___024root__Slow.o Vqwen2_matrix_command_endpoint___024root__DepSet_he959708b__0__Slow.o Vqwen2_matrix_command_endpoint___024root__DepSet_he63927f2__0__Slow.o Vqwen2_matrix_command_endpoint_idma_reg32_3d_reg_pkg__Slow.o Vqwen2_matrix_command_endpoint_idma_reg32_3d_reg_pkg__DepSet_h3d37fb8d__0__Slow.o Vqwen2_matrix_command_endpoint_idma_reg64_2d_reg_pkg__Slow.o Vqwen2_matrix_command_endpoint_idma_reg64_2d_reg_pkg__DepSet_h41c99f3d__0__Slow.o Vqwen2_matrix_command_endpoint_idma_reg64_1d_reg_pkg__Slow.o Vqwen2_matrix_command_endpoint_idma_reg64_1d_reg_pkg__DepSet_hd9e235ce__0__Slow.o Vqwen2_matrix_command_endpoint_bf16_context_lane_cluster16_rev8b_b_candidate__Slow.o Vqwen2_matrix_command_endpoint_bf16_context_lane_cluster16_rev8b_b_candidate__DepSet_hc67d292d__0__Slow.o Vqwen2_matrix_command_endpoint_bf16_context_lane_cluster16_rev8b_b_candidate__DepSet_hf91cee90__0__Slow.o Vqwen2_matrix_command_endpoint_idma_desc64_reg_pkg__Slow.o Vqwen2_matrix_command_endpoint_idma_desc64_reg_pkg__DepSet_h5a9280c5__0__Slow.o Vqwen2_matrix_command_endpoint__Syms.o qwen2_matrix_command_endpoint.o
rm libqwen2_matrix_command_endpoint.verilator_deplist.tmp
make[1]: Leaving directory '/home/runner/work/hetero_cnn_llm_aha/hetero_cnn_llm_aha/work/pipeline_components/StreamingDense/obj/Vqwen2_matrix_command_endpoint'
make -f VStreamingDenseProbe.mk
make[1]: Entering directory '/home/runner/work/hetero_cnn_llm_aha/hetero_cnn_llm_aha/work/pipeline_components/StreamingDense/obj'
g++  -I.  -MMD -I/home/runner/work/hetero_cnn_llm_aha/hetero_cnn_llm_aha/work/pipeline_components/verilator-runtime/include -I/home/runner/work/hetero_cnn_llm_aha/hetero_cnn_llm_aha/work/pipeline_components/verilator-runtime/include/vltstd -DVM_COVERAGE=0 -DVM_SC=0 -DVM_TRACE=0 -DVM_TRACE_FST=0 -DVM_TRACE_VCD=0 -faligned-new -fcf-protection=none -Wno-bool-operation -Wno-overloaded-virtual -Wno-shadow -Wno-sign-compare -Wno-uninitialized -Wno-unused-but-set-parameter -Wno-unused-but-set-variable -Wno-unused-parameter -Wno-unused-variable     -O3 -std=c++17 -ffp-contract=off -fno-fast-math   -O3 -c -o streaming_dense.o /home/runner/work/hetero_cnn_llm_aha/hetero_cnn_llm_aha/chisel/continuous_prefill/tests/streaming_dense.cpp
g++ -Os  -I.  -MMD -I/home/runner/work/hetero_cnn_llm_aha/hetero_cnn_llm_aha/work/pipeline_components/verilator-runtime/include -I/home/runner/work/hetero_cnn_llm_aha/hetero_cnn_llm_aha/work/pipeline_components/verilator-runtime/include/vltstd -DVM_COVERAGE=0 -DVM_SC=0 -DVM_TRACE=0 -DVM_TRACE_FST=0 -DVM_TRACE_VCD=0 -faligned-new -fcf-protection=none -Wno-bool-operation -Wno-overloaded-virtual -Wno-shadow -Wno-sign-compare -Wno-uninitialized -Wno-unused-but-set-parameter -Wno-unused-but-set-variable -Wno-unused-parameter -Wno-unused-variable     -O3 -std=c++17 -ffp-contract=off -fno-fast-math   -c -o verilated.o /home/runner/work/hetero_cnn_llm_aha/hetero_cnn_llm_aha/work/pipeline_components/verilator-runtime/include/verilated.cpp
g++ -Os  -I.  -MMD -I/home/runner/work/hetero_cnn_llm_aha/hetero_cnn_llm_aha/work/pipeline_components/verilator-runtime/include -I/home/runner/work/hetero_cnn_llm_aha/hetero_cnn_llm_aha/work/pipeline_components/verilator-runtime/include/vltstd -DVM_COVERAGE=0 -DVM_SC=0 -DVM_TRACE=0 -DVM_TRACE_FST=0 -DVM_TRACE_VCD=0 -faligned-new -fcf-protection=none -Wno-bool-operation -Wno-overloaded-virtual -Wno-shadow -Wno-sign-compare -Wno-uninitialized -Wno-unused-but-set-parameter -Wno-unused-but-set-variable -Wno-unused-parameter -Wno-unused-variable     -O3 -std=c++17 -ffp-contract=off -fno-fast-math   -c -o verilated_dpi.o /home/runner/work/hetero_cnn_llm_aha/hetero_cnn_llm_aha/work/pipeline_components/verilator-runtime/include/verilated_dpi.cpp
g++ -Os  -I.  -MMD -I/home/runner/work/hetero_cnn_llm_aha/hetero_cnn_llm_aha/work/pipeline_components/verilator-runtime/include -I/home/runner/work/hetero_cnn_llm_aha/hetero_cnn_llm_aha/work/pipeline_components/verilator-runtime/include/vltstd -DVM_COVERAGE=0 -DVM_SC=0 -DVM_TRACE=0 -DVM_TRACE_FST=0 -DVM_TRACE_VCD=0 -faligned-new -fcf-protection=none -Wno-bool-operation -Wno-overloaded-virtual -Wno-shadow -Wno-sign-compare -Wno-uninitialized -Wno-unused-but-set-parameter -Wno-unused-but-set-variable -Wno-unused-parameter -Wno-unused-variable     -O3 -std=c++17 -ffp-contract=off -fno-fast-math   -c -o verilated_threads.o /home/runner/work/hetero_cnn_llm_aha/hetero_cnn_llm_aha/work/pipeline_components/verilator-runtime/include/verilated_threads.cpp
g++ -O3  -I.  -MMD -I/home/runner/work/hetero_cnn_llm_aha/hetero_cnn_llm_aha/work/pipeline_components/verilator-runtime/include -I/home/runner/work/hetero_cnn_llm_aha/hetero_cnn_llm_aha/work/pipeline_components/verilator-runtime/include/vltstd -DVM_COVERAGE=0 -DVM_SC=0 -DVM_TRACE=0 -DVM_TRACE_FST=0 -DVM_TRACE_VCD=0 -faligned-new -fcf-protection=none -Wno-bool-operation -Wno-overloaded-virtual -Wno-shadow -Wno-sign-compare -Wno-uninitialized -Wno-unused-but-set-parameter -Wno-unused-but-set-variable -Wno-unused-parameter -Wno-unused-variable     -O3 -std=c++17 -ffp-contract=off -fno-fast-math   -x c++-header VStreamingDenseProbe__pch.h -o VStreamingDenseProbe__pch.h.fast.gch
g++   -I.  -MMD -I/home/runner/work/hetero_cnn_llm_aha/hetero_cnn_llm_aha/work/pipeline_components/verilator-runtime/include -I/home/runner/work/hetero_cnn_llm_aha/hetero_cnn_llm_aha/work/pipeline_components/verilator-runtime/include/vltstd -DVM_COVERAGE=0 -DVM_SC=0 -DVM_TRACE=0 -DVM_TRACE_FST=0 -DVM_TRACE_VCD=0 -faligned-new -fcf-protection=none -Wno-bool-operation -Wno-overloaded-virtual -Wno-shadow -Wno-sign-compare -Wno-uninitialized -Wno-unused-but-set-parameter -Wno-unused-but-set-variable -Wno-unused-parameter -Wno-unused-variable     -O3 -std=c++17 -ffp-contract=off -fno-fast-math   -x c++-header VStreamingDenseProbe__pch.h -o VStreamingDenseProbe__pch.h.slow.gch
echo "" > VStreamingDenseProbe__ALL.verilator_deplist.tmp
g++ -O3  -I.  -MMD -I/home/runner/work/hetero_cnn_llm_aha/hetero_cnn_llm_aha/work/pipeline_components/verilator-runtime/include -I/home/runner/work/hetero_cnn_llm_aha/hetero_cnn_llm_aha/work/pipeline_components/verilator-runtime/include/vltstd -DVM_COVERAGE=0 -DVM_SC=0 -DVM_TRACE=0 -DVM_TRACE_FST=0 -DVM_TRACE_VCD=0 -faligned-new -fcf-protection=none -Wno-bool-operation -Wno-overloaded-virtual -Wno-shadow -Wno-sign-compare -Wno-uninitialized -Wno-unused-but-set-parameter -Wno-unused-but-set-variable -Wno-unused-parameter -Wno-unused-variable     -O3 -std=c++17 -ffp-contract=off -fno-fast-math    -c -o VStreamingDenseProbe.o VStreamingDenseProbe.cpp
g++ -O3  -I.  -MMD -I/home/runner/work/hetero_cnn_llm_aha/hetero_cnn_llm_aha/work/pipeline_components/verilator-runtime/include -I/home/runner/work/hetero_cnn_llm_aha/hetero_cnn_llm_aha/work/pipeline_components/verilator-runtime/include/vltstd -DVM_COVERAGE=0 -DVM_SC=0 -DVM_TRACE=0 -DVM_TRACE_FST=0 -DVM_TRACE_VCD=0 -faligned-new -fcf-protection=none -Wno-bool-operation -Wno-overloaded-virtual -Wno-shadow -Wno-sign-compare -Wno-uninitialized -Wno-unused-but-set-parameter -Wno-unused-but-set-variable -Wno-unused-parameter -Wno-unused-variable     -O3 -std=c++17 -ffp-contract=off -fno-fast-math    -c -o VStreamingDenseProbe___024root__DepSet_h736f3979__0.o VStreamingDenseProbe___024root__DepSet_h736f3979__0.cpp
g++ -O3  -I.  -MMD -I/home/runner/work/hetero_cnn_llm_aha/hetero_cnn_llm_aha/work/pipeline_components/verilator-runtime/include -I/home/runner/work/hetero_cnn_llm_aha/hetero_cnn_llm_aha/work/pipeline_components/verilator-runtime/include/vltstd -DVM_COVERAGE=0 -DVM_SC=0 -DVM_TRACE=0 -DVM_TRACE_FST=0 -DVM_TRACE_VCD=0 -faligned-new -fcf-protection=none -Wno-bool-operation -Wno-overloaded-virtual -Wno-shadow -Wno-sign-compare -Wno-uninitialized -Wno-unused-but-set-parameter -Wno-unused-but-set-variable -Wno-unused-parameter -Wno-unused-variable     -O3 -std=c++17 -ffp-contract=off -fno-fast-math    -c -o VStreamingDenseProbe___024root__DepSet_hbe44525d__0.o VStreamingDenseProbe___024root__DepSet_hbe44525d__0.cpp
g++ -O3  -I.  -MMD -I/home/runner/work/hetero_cnn_llm_aha/hetero_cnn_llm_aha/work/pipeline_components/verilator-runtime/include -I/home/runner/work/hetero_cnn_llm_aha/hetero_cnn_llm_aha/work/pipeline_components/verilator-runtime/include/vltstd -DVM_COVERAGE=0 -DVM_SC=0 -DVM_TRACE=0 -DVM_TRACE_FST=0 -DVM_TRACE_VCD=0 -faligned-new -fcf-protection=none -Wno-bool-operation -Wno-overloaded-virtual -Wno-shadow -Wno-sign-compare -Wno-uninitialized -Wno-unused-but-set-parameter -Wno-unused-but-set-variable -Wno-unused-parameter -Wno-unused-variable     -O3 -std=c++17 -ffp-contract=off -fno-fast-math    -c -o VStreamingDenseProbe___024root__DepSet_hbe44525d__1.o VStreamingDenseProbe___024root__DepSet_hbe44525d__1.cpp
g++ -O3  -I.  -MMD -I/home/runner/work/hetero_cnn_llm_aha/hetero_cnn_llm_aha/work/pipeline_components/verilator-runtime/include -I/home/runner/work/hetero_cnn_llm_aha/hetero_cnn_llm_aha/work/pipeline_components/verilator-runtime/include/vltstd -DVM_COVERAGE=0 -DVM_SC=0 -DVM_TRACE=0 -DVM_TRACE_FST=0 -DVM_TRACE_VCD=0 -faligned-new -fcf-protection=none -Wno-bool-operation -Wno-overloaded-virtual -Wno-shadow -Wno-sign-compare -Wno-uninitialized -Wno-unused-but-set-parameter -Wno-unused-but-set-variable -Wno-unused-parameter -Wno-unused-variable     -O3 -std=c++17 -ffp-contract=off -fno-fast-math    -c -o VStreamingDenseProbe___024root__DepSet_hbe44525d__2.o VStreamingDenseProbe___024root__DepSet_hbe44525d__2.cpp
g++ -O3  -I.  -MMD -I/home/runner/work/hetero_cnn_llm_aha/hetero_cnn_llm_aha/work/pipeline_components/verilator-runtime/include -I/home/runner/work/hetero_cnn_llm_aha/hetero_cnn_llm_aha/work/pipeline_components/verilator-runtime/include/vltstd -DVM_COVERAGE=0 -DVM_SC=0 -DVM_TRACE=0 -DVM_TRACE_FST=0 -DVM_TRACE_VCD=0 -faligned-new -fcf-protection=none -Wno-bool-operation -Wno-overloaded-virtual -Wno-shadow -Wno-sign-compare -Wno-uninitialized -Wno-unused-but-set-parameter -Wno-unused-but-set-variable -Wno-unused-parameter -Wno-unused-variable     -O3 -std=c++17 -ffp-contract=off -fno-fast-math    -c -o VStreamingDenseProbe___024root__DepSet_hbe44525d__3.o VStreamingDenseProbe___024root__DepSet_hbe44525d__3.cpp
g++ -O3  -I.  -MMD -I/home/runner/work/hetero_cnn_llm_aha/hetero_cnn_llm_aha/work/pipeline_components/verilator-runtime/include -I/home/runner/work/hetero_cnn_llm_aha/hetero_cnn_llm_aha/work/pipeline_components/verilator-runtime/include/vltstd -DVM_COVERAGE=0 -DVM_SC=0 -DVM_TRACE=0 -DVM_TRACE_FST=0 -DVM_TRACE_VCD=0 -faligned-new -fcf-protection=none -Wno-bool-operation -Wno-overloaded-virtual -Wno-shadow -Wno-sign-compare -Wno-uninitialized -Wno-unused-but-set-parameter -Wno-unused-but-set-variable -Wno-unused-parameter -Wno-unused-variable     -O3 -std=c++17 -ffp-contract=off -fno-fast-math    -c -o VStreamingDenseProbe___024root__DepSet_hbe44525d__4.o VStreamingDenseProbe___024root__DepSet_hbe44525d__4.cpp
g++ -O3  -I.  -MMD -I/home/runner/work/hetero_cnn_llm_aha/hetero_cnn_llm_aha/work/pipeline_components/verilator-runtime/include -I/home/runner/work/hetero_cnn_llm_aha/hetero_cnn_llm_aha/work/pipeline_components/verilator-runtime/include/vltstd -DVM_COVERAGE=0 -DVM_SC=0 -DVM_TRACE=0 -DVM_TRACE_FST=0 -DVM_TRACE_VCD=0 -faligned-new -fcf-protection=none -Wno-bool-operation -Wno-overloaded-virtual -Wno-shadow -Wno-sign-compare -Wno-uninitialized -Wno-unused-but-set-parameter -Wno-unused-but-set-variable -Wno-unused-parameter -Wno-unused-variable     -O3 -std=c++17 -ffp-contract=off -fno-fast-math    -c -o VStreamingDenseProbe___024root__DepSet_hbe44525d__5.o VStreamingDenseProbe___024root__DepSet_hbe44525d__5.cpp
g++ -O3  -I.  -MMD -I/home/runner/work/hetero_cnn_llm_aha/hetero_cnn_llm_aha/work/pipeline_components/verilator-runtime/include -I/home/runner/work/hetero_cnn_llm_aha/hetero_cnn_llm_aha/work/pipeline_components/verilator-runtime/include/vltstd -DVM_COVERAGE=0 -DVM_SC=0 -DVM_TRACE=0 -DVM_TRACE_FST=0 -DVM_TRACE_VCD=0 -faligned-new -fcf-protection=none -Wno-bool-operation -Wno-overloaded-virtual -Wno-shadow -Wno-sign-compare -Wno-uninitialized -Wno-unused-but-set-parameter -Wno-unused-but-set-variable -Wno-unused-parameter -Wno-unused-variable     -O3 -std=c++17 -ffp-contract=off -fno-fast-math    -c -o VStreamingDenseProbe___024root__DepSet_hbe44525d__6.o VStreamingDenseProbe___024root__DepSet_hbe44525d__6.cpp
g++ -O3  -I.  -MMD -I/home/runner/work/hetero_cnn_llm_aha/hetero_cnn_llm_aha/work/pipeline_components/verilator-runtime/include -I/home/runner/work/hetero_cnn_llm_aha/hetero_cnn_llm_aha/work/pipeline_components/verilator-runtime/include/vltstd -DVM_COVERAGE=0 -DVM_SC=0 -DVM_TRACE=0 -DVM_TRACE_FST=0 -DVM_TRACE_VCD=0 -faligned-new -fcf-protection=none -Wno-bool-operation -Wno-overloaded-virtual -Wno-shadow -Wno-sign-compare -Wno-uninitialized -Wno-unused-but-set-parameter -Wno-unused-but-set-variable -Wno-unused-parameter -Wno-unused-variable     -O3 -std=c++17 -ffp-contract=off -fno-fast-math    -c -o VStreamingDenseProbe___024root__DepSet_hbe44525d__7.o VStreamingDenseProbe___024root__DepSet_hbe44525d__7.cpp
g++ -O3  -I.  -MMD -I/home/runner/work/hetero_cnn_llm_aha/hetero_cnn_llm_aha/work/pipeline_components/verilator-runtime/include -I/home/runner/work/hetero_cnn_llm_aha/hetero_cnn_llm_aha/work/pipeline_components/verilator-runtime/include/vltstd -DVM_COVERAGE=0 -DVM_SC=0 -DVM_TRACE=0 -DVM_TRACE_FST=0 -DVM_TRACE_VCD=0 -faligned-new -fcf-protection=none -Wno-bool-operation -Wno-overloaded-virtual -Wno-shadow -Wno-sign-compare -Wno-uninitialized -Wno-unused-but-set-parameter -Wno-unused-but-set-variable -Wno-unused-parameter -Wno-unused-variable     -O3 -std=c++17 -ffp-contract=off -fno-fast-math    -c -o VStreamingDenseProbe___024root__DepSet_hbe44525d__8.o VStreamingDenseProbe___024root__DepSet_hbe44525d__8.cpp
g++ -O3  -I.  -MMD -I/home/runner/work/hetero_cnn_llm_aha/hetero_cnn_llm_aha/work/pipeline_components/verilator-runtime/include -I/home/runner/work/hetero_cnn_llm_aha/hetero_cnn_llm_aha/work/pipeline_components/verilator-runtime/include/vltstd -DVM_COVERAGE=0 -DVM_SC=0 -DVM_TRACE=0 -DVM_TRACE_FST=0 -DVM_TRACE_VCD=0 -faligned-new -fcf-protection=none -Wno-bool-operation -Wno-overloaded-virtual -Wno-shadow -Wno-sign-compare -Wno-uninitialized -Wno-unused-but-set-parameter -Wno-unused-but-set-variable -Wno-unused-parameter -Wno-unused-variable     -O3 -std=c++17 -ffp-contract=off -fno-fast-math    -c -o VStreamingDenseProbe___024root__DepSet_hbe44525d__9.o VStreamingDenseProbe___024root__DepSet_hbe44525d__9.cpp
g++ -O3  -I.  -MMD -I/home/runner/work/hetero_cnn_llm_aha/hetero_cnn_llm_aha/work/pipeline_components/verilator-runtime/include -I/home/runner/work/hetero_cnn_llm_aha/hetero_cnn_llm_aha/work/pipeline_components/verilator-runtime/include/vltstd -DVM_COVERAGE=0 -DVM_SC=0 -DVM_TRACE=0 -DVM_TRACE_FST=0 -DVM_TRACE_VCD=0 -faligned-new -fcf-protection=none -Wno-bool-operation -Wno-overloaded-virtual -Wno-shadow -Wno-sign-compare -Wno-uninitialized -Wno-unused-but-set-parameter -Wno-unused-but-set-variable -Wno-unused-parameter -Wno-unused-variable     -O3 -std=c++17 -ffp-contract=off -fno-fast-math    -c -o VStreamingDenseProbe_idma_reg32_3d_reg_pkg__DepSet_h14becb4c__0.o VStreamingDenseProbe_idma_reg32_3d_reg_pkg__DepSet_h14becb4c__0.cpp
g++ -O3  -I.  -MMD -I/home/runner/work/hetero_cnn_llm_aha/hetero_cnn_llm_aha/work/pipeline_components/verilator-runtime/include -I/home/runner/work/hetero_cnn_llm_aha/hetero_cnn_llm_aha/work/pipeline_components/verilator-runtime/include/vltstd -DVM_COVERAGE=0 -DVM_SC=0 -DVM_TRACE=0 -DVM_TRACE_FST=0 -DVM_TRACE_VCD=0 -faligned-new -fcf-protection=none -Wno-bool-operation -Wno-overloaded-virtual -Wno-shadow -Wno-sign-compare -Wno-uninitialized -Wno-unused-but-set-parameter -Wno-unused-but-set-variable -Wno-unused-parameter -Wno-unused-variable     -O3 -std=c++17 -ffp-contract=off -fno-fast-math    -c -o VStreamingDenseProbe_idma_reg64_2d_reg_pkg__DepSet_hf82fddae__0.o VStreamingDenseProbe_idma_reg64_2d_reg_pkg__DepSet_hf82fddae__0.cpp
g++ -O3  -I.  -MMD -I/home/runner/work/hetero_cnn_llm_aha/hetero_cnn_llm_aha/work/pipeline_components/verilator-runtime/include -I/home/runner/work/hetero_cnn_llm_aha/hetero_cnn_llm_aha/work/pipeline_components/verilator-runtime/include/vltstd -DVM_COVERAGE=0 -DVM_SC=0 -DVM_TRACE=0 -DVM_TRACE_FST=0 -DVM_TRACE_VCD=0 -faligned-new -fcf-protection=none -Wno-bool-operation -Wno-overloaded-virtual -Wno-shadow -Wno-sign-compare -Wno-uninitialized -Wno-unused-but-set-parameter -Wno-unused-but-set-variable -Wno-unused-parameter -Wno-unused-variable     -O3 -std=c++17 -ffp-contract=off -fno-fast-math    -c -o VStreamingDenseProbe_idma_reg64_1d_reg_pkg__DepSet_h1793a48d__0.o VStreamingDenseProbe_idma_reg64_1d_reg_pkg__DepSet_h1793a48d__0.cpp
g++ -O3  -I.  -MMD -I/home/runner/work/hetero_cnn_llm_aha/hetero_cnn_llm_aha/work/pipeline_components/verilator-runtime/include -I/home/runner/work/hetero_cnn_llm_aha/hetero_cnn_llm_aha/work/pipeline_components/verilator-runtime/include/vltstd -DVM_COVERAGE=0 -DVM_SC=0 -DVM_TRACE=0 -DVM_TRACE_FST=0 -DVM_TRACE_VCD=0 -faligned-new -fcf-protection=none -Wno-bool-operation -Wno-overloaded-virtual -Wno-shadow -Wno-sign-compare -Wno-uninitialized -Wno-unused-but-set-parameter -Wno-unused-but-set-variable -Wno-unused-parameter -Wno-unused-variable     -O3 -std=c++17 -ffp-contract=off -fno-fast-math    -c -o VStreamingDenseProbe_idma_desc64_reg_pkg__DepSet_hec90e34b__0.o VStreamingDenseProbe_idma_desc64_reg_pkg__DepSet_hec90e34b__0.cpp
g++ -O3  -I.  -MMD -I/home/runner/work/hetero_cnn_llm_aha/hetero_cnn_llm_aha/work/pipeline_components/verilator-runtime/include -I/home/runner/work/hetero_cnn_llm_aha/hetero_cnn_llm_aha/work/pipeline_components/verilator-runtime/include/vltstd -DVM_COVERAGE=0 -DVM_SC=0 -DVM_TRACE=0 -DVM_TRACE_FST=0 -DVM_TRACE_VCD=0 -faligned-new -fcf-protection=none -Wno-bool-operation -Wno-overloaded-virtual -Wno-shadow -Wno-sign-compare -Wno-uninitialized -Wno-unused-but-set-parameter -Wno-unused-but-set-variable -Wno-unused-parameter -Wno-unused-variable     -O3 -std=c++17 -ffp-contract=off -fno-fast-math    -c -o VStreamingDenseProbe__Dpi.o VStreamingDenseProbe__Dpi.cpp
g++   -I.  -MMD -I/home/runner/work/hetero_cnn_llm_aha/hetero_cnn_llm_aha/work/pipeline_components/verilator-runtime/include -I/home/runner/work/hetero_cnn_llm_aha/hetero_cnn_llm_aha/work/pipeline_components/verilator-runtime/include/vltstd -DVM_COVERAGE=0 -DVM_SC=0 -DVM_TRACE=0 -DVM_TRACE_FST=0 -DVM_TRACE_VCD=0 -faligned-new -fcf-protection=none -Wno-bool-operation -Wno-overloaded-virtual -Wno-shadow -Wno-sign-compare -Wno-uninitialized -Wno-unused-but-set-parameter -Wno-unused-but-set-variable -Wno-unused-parameter -Wno-unused-variable     -O3 -std=c++17 -ffp-contract=off -fno-fast-math    -c -o VStreamingDenseProbe__ConstPool_0.o VStreamingDenseProbe__ConstPool_0.cpp
g++   -I.  -MMD -I/home/runner/work/hetero_cnn_llm_aha/hetero_cnn_llm_aha/work/pipeline_components/verilator-runtime/include -I/home/runner/work/hetero_cnn_llm_aha/hetero_cnn_llm_aha/work/pipeline_components/verilator-runtime/include/vltstd -DVM_COVERAGE=0 -DVM_SC=0 -DVM_TRACE=0 -DVM_TRACE_FST=0 -DVM_TRACE_VCD=0 -faligned-new -fcf-protection=none -Wno-bool-operation -Wno-overloaded-virtual -Wno-shadow -Wno-sign-compare -Wno-uninitialized -Wno-unused-but-set-parameter -Wno-unused-but-set-variable -Wno-unused-parameter -Wno-unused-variable     -O3 -std=c++17 -ffp-contract=off -fno-fast-math    -c -o VStreamingDenseProbe___024root__Slow.o VStreamingDenseProbe___024root__Slow.cpp
g++   -I.  -MMD -I/home/runner/work/hetero_cnn_llm_aha/hetero_cnn_llm_aha/work/pipeline_components/verilator-runtime/include -I/home/runner/work/hetero_cnn_llm_aha/hetero_cnn_llm_aha/work/pipeline_components/verilator-runtime/include/vltstd -DVM_COVERAGE=0 -DVM_SC=0 -DVM_TRACE=0 -DVM_TRACE_FST=0 -DVM_TRACE_VCD=0 -faligned-new -fcf-protection=none -Wno-bool-operation -Wno-overloaded-virtual -Wno-shadow -Wno-sign-compare -Wno-uninitialized -Wno-unused-but-set-parameter -Wno-unused-but-set-variable -Wno-unused-parameter -Wno-unused-variable     -O3 -std=c++17 -ffp-contract=off -fno-fast-math    -c -o VStreamingDenseProbe___024root__DepSet_h736f3979__0__Slow.o VStreamingDenseProbe___024root__DepSet_h736f3979__0__Slow.cpp
g++   -I.  -MMD -I/home/runner/work/hetero_cnn_llm_aha/hetero_cnn_llm_aha/work/pipeline_components/verilator-runtime/include -I/home/runner/work/hetero_cnn_llm_aha/hetero_cnn_llm_aha/work/pipeline_components/verilator-runtime/include/vltstd -DVM_COVERAGE=0 -DVM_SC=0 -DVM_TRACE=0 -DVM_TRACE_FST=0 -DVM_TRACE_VCD=0 -faligned-new -fcf-protection=none -Wno-bool-operation -Wno-overloaded-virtual -Wno-shadow -Wno-sign-compare -Wno-uninitialized -Wno-unused-but-set-parameter -Wno-unused-but-set-variable -Wno-unused-parameter -Wno-unused-variable     -O3 -std=c++17 -ffp-contract=off -fno-fast-math    -c -o VStreamingDenseProbe___024root__DepSet_hbe44525d__0__Slow.o VStreamingDenseProbe___024root__DepSet_hbe44525d__0__Slow.cpp
g++   -I.  -MMD -I/home/runner/work/hetero_cnn_llm_aha/hetero_cnn_llm_aha/work/pipeline_components/verilator-runtime/include -I/home/runner/work/hetero_cnn_llm_aha/hetero_cnn_llm_aha/work/pipeline_components/verilator-runtime/include/vltstd -DVM_COVERAGE=0 -DVM_SC=0 -DVM_TRACE=0 -DVM_TRACE_FST=0 -DVM_TRACE_VCD=0 -faligned-new -fcf-protection=none -Wno-bool-operation -Wno-overloaded-virtual -Wno-shadow -Wno-sign-compare -Wno-uninitialized -Wno-unused-but-set-parameter -Wno-unused-but-set-variable -Wno-unused-parameter -Wno-unused-variable     -O3 -std=c++17 -ffp-contract=off -fno-fast-math    -c -o VStreamingDenseProbe___024root__DepSet_hbe44525d__1__Slow.o VStreamingDenseProbe___024root__DepSet_hbe44525d__1__Slow.cpp
g++   -I.  -MMD -I/home/runner/work/hetero_cnn_llm_aha/hetero_cnn_llm_aha/work/pipeline_components/verilator-runtime/include -I/home/runner/work/hetero_cnn_llm_aha/hetero_cnn_llm_aha/work/pipeline_components/verilator-runtime/include/vltstd -DVM_COVERAGE=0 -DVM_SC=0 -DVM_TRACE=0 -DVM_TRACE_FST=0 -DVM_TRACE_VCD=0 -faligned-new -fcf-protection=none -Wno-bool-operation -Wno-overloaded-virtual -Wno-shadow -Wno-sign-compare -Wno-uninitialized -Wno-unused-but-set-parameter -Wno-unused-but-set-variable -Wno-unused-parameter -Wno-unused-variable     -O3 -std=c++17 -ffp-contract=off -fno-fast-math    -c -o VStreamingDenseProbe___024root__DepSet_hbe44525d__2__Slow.o VStreamingDenseProbe___024root__DepSet_hbe44525d__2__Slow.cpp
g++   -I.  -MMD -I/home/runner/work/hetero_cnn_llm_aha/hetero_cnn_llm_aha/work/pipeline_components/verilator-runtime/include -I/home/runner/work/hetero_cnn_llm_aha/hetero_cnn_llm_aha/work/pipeline_components/verilator-runtime/include/vltstd -DVM_COVERAGE=0 -DVM_SC=0 -DVM_TRACE=0 -DVM_TRACE_FST=0 -DVM_TRACE_VCD=0 -faligned-new -fcf-protection=none -Wno-bool-operation -Wno-overloaded-virtual -Wno-shadow -Wno-sign-compare -Wno-uninitialized -Wno-unused-but-set-parameter -Wno-unused-but-set-variable -Wno-unused-parameter -Wno-unused-variable     -O3 -std=c++17 -ffp-contract=off -fno-fast-math    -c -o VStreamingDenseProbe___024root__DepSet_hbe44525d__3__Slow.o VStreamingDenseProbe___024root__DepSet_hbe44525d__3__Slow.cpp
g++   -I.  -MMD -I/home/runner/work/hetero_cnn_llm_aha/hetero_cnn_llm_aha/work/pipeline_components/verilator-runtime/include -I/home/runner/work/hetero_cnn_llm_aha/hetero_cnn_llm_aha/work/pipeline_components/verilator-runtime/include/vltstd -DVM_COVERAGE=0 -DVM_SC=0 -DVM_TRACE=0 -DVM_TRACE_FST=0 -DVM_TRACE_VCD=0 -faligned-new -fcf-protection=none -Wno-bool-operation -Wno-overloaded-virtual -Wno-shadow -Wno-sign-compare -Wno-uninitialized -Wno-unused-but-set-parameter -Wno-unused-but-set-variable -Wno-unused-parameter -Wno-unused-variable     -O3 -std=c++17 -ffp-contract=off -fno-fast-math    -c -o VStreamingDenseProbe_idma_reg32_3d_reg_pkg__Slow.o VStreamingDenseProbe_idma_reg32_3d_reg_pkg__Slow.cpp
g++   -I.  -MMD -I/home/runner/work/hetero_cnn_llm_aha/hetero_cnn_llm_aha/work/pipeline_components/verilator-runtime/include -I/home/runner/work/hetero_cnn_llm_aha/hetero_cnn_llm_aha/work/pipeline_components/verilator-runtime/include/vltstd -DVM_COVERAGE=0 -DVM_SC=0 -DVM_TRACE=0 -DVM_TRACE_FST=0 -DVM_TRACE_VCD=0 -faligned-new -fcf-protection=none -Wno-bool-operation -Wno-overloaded-virtual -Wno-shadow -Wno-sign-compare -Wno-uninitialized -Wno-unused-but-set-parameter -Wno-unused-but-set-variable -Wno-unused-parameter -Wno-unused-variable     -O3 -std=c++17 -ffp-contract=off -fno-fast-math    -c -o VStreamingDenseProbe_idma_reg32_3d_reg_pkg__DepSet_h14becb4c__0__Slow.o VStreamingDenseProbe_idma_reg32_3d_reg_pkg__DepSet_h14becb4c__0__Slow.cpp
g++   -I.  -MMD -I/home/runner/work/hetero_cnn_llm_aha/hetero_cnn_llm_aha/work/pipeline_components/verilator-runtime/include -I/home/runner/work/hetero_cnn_llm_aha/hetero_cnn_llm_aha/work/pipeline_components/verilator-runtime/include/vltstd -DVM_COVERAGE=0 -DVM_SC=0 -DVM_TRACE=0 -DVM_TRACE_FST=0 -DVM_TRACE_VCD=0 -faligned-new -fcf-protection=none -Wno-bool-operation -Wno-overloaded-virtual -Wno-shadow -Wno-sign-compare -Wno-uninitialized -Wno-unused-but-set-parameter -Wno-unused-but-set-variable -Wno-unused-parameter -Wno-unused-variable     -O3 -std=c++17 -ffp-contract=off -fno-fast-math    -c -o VStreamingDenseProbe_idma_reg64_2d_reg_pkg__Slow.o VStreamingDenseProbe_idma_reg64_2d_reg_pkg__Slow.cpp
g++   -I.  -MMD -I/home/runner/work/hetero_cnn_llm_aha/hetero_cnn_llm_aha/work/pipeline_components/verilator-runtime/include -I/home/runner/work/hetero_cnn_llm_aha/hetero_cnn_llm_aha/work/pipeline_components/verilator-runtime/include/vltstd -DVM_COVERAGE=0 -DVM_SC=0 -DVM_TRACE=0 -DVM_TRACE_FST=0 -DVM_TRACE_VCD=0 -faligned-new -fcf-protection=none -Wno-bool-operation -Wno-overloaded-virtual -Wno-shadow -Wno-sign-compare -Wno-uninitialized -Wno-unused-but-set-parameter -Wno-unused-but-set-variable -Wno-unused-parameter -Wno-unused-variable     -O3 -std=c++17 -ffp-contract=off -fno-fast-math    -c -o VStreamingDenseProbe_idma_reg64_2d_reg_pkg__DepSet_hf82fddae__0__Slow.o VStreamingDenseProbe_idma_reg64_2d_reg_pkg__DepSet_hf82fddae__0__Slow.cpp
g++   -I.  -MMD -I/home/runner/work/hetero_cnn_llm_aha/hetero_cnn_llm_aha/work/pipeline_components/verilator-runtime/include -I/home/runner/work/hetero_cnn_llm_aha/hetero_cnn_llm_aha/work/pipeline_components/verilator-runtime/include/vltstd -DVM_COVERAGE=0 -DVM_SC=0 -DVM_TRACE=0 -DVM_TRACE_FST=0 -DVM_TRACE_VCD=0 -faligned-new -fcf-protection=none -Wno-bool-operation -Wno-overloaded-virtual -Wno-shadow -Wno-sign-compare -Wno-uninitialized -Wno-unused-but-set-parameter -Wno-unused-but-set-variable -Wno-unused-parameter -Wno-unused-variable     -O3 -std=c++17 -ffp-contract=off -fno-fast-math    -c -o VStreamingDenseProbe_idma_reg64_1d_reg_pkg__Slow.o VStreamingDenseProbe_idma_reg64_1d_reg_pkg__Slow.cpp
g++   -I.  -MMD -I/home/runner/work/hetero_cnn_llm_aha/hetero_cnn_llm_aha/work/pipeline_components/verilator-runtime/include -I/home/runner/work/hetero_cnn_llm_aha/hetero_cnn_llm_aha/work/pipeline_components/verilator-runtime/include/vltstd -DVM_COVERAGE=0 -DVM_SC=0 -DVM_TRACE=0 -DVM_TRACE_FST=0 -DVM_TRACE_VCD=0 -faligned-new -fcf-protection=none -Wno-bool-operation -Wno-overloaded-virtual -Wno-shadow -Wno-sign-compare -Wno-uninitialized -Wno-unused-but-set-parameter -Wno-unused-but-set-variable -Wno-unused-parameter -Wno-unused-variable     -O3 -std=c++17 -ffp-contract=off -fno-fast-math    -c -o VStreamingDenseProbe_idma_reg64_1d_reg_pkg__DepSet_h1793a48d__0__Slow.o VStreamingDenseProbe_idma_reg64_1d_reg_pkg__DepSet_h1793a48d__0__Slow.cpp
g++   -I.  -MMD -I/home/runner/work/hetero_cnn_llm_aha/hetero_cnn_llm_aha/work/pipeline_components/verilator-runtime/include -I/home/runner/work/hetero_cnn_llm_aha/hetero_cnn_llm_aha/work/pipeline_components/verilator-runtime/include/vltstd -DVM_COVERAGE=0 -DVM_SC=0 -DVM_TRACE=0 -DVM_TRACE_FST=0 -DVM_TRACE_VCD=0 -faligned-new -fcf-protection=none -Wno-bool-operation -Wno-overloaded-virtual -Wno-shadow -Wno-sign-compare -Wno-uninitialized -Wno-unused-but-set-parameter -Wno-unused-but-set-variable -Wno-unused-parameter -Wno-unused-variable     -O3 -std=c++17 -ffp-contract=off -fno-fast-math    -c -o VStreamingDenseProbe_idma_desc64_reg_pkg__Slow.o VStreamingDenseProbe_idma_desc64_reg_pkg__Slow.cpp
g++   -I.  -MMD -I/home/runner/work/hetero_cnn_llm_aha/hetero_cnn_llm_aha/work/pipeline_components/verilator-runtime/include -I/home/runner/work/hetero_cnn_llm_aha/hetero_cnn_llm_aha/work/pipeline_components/verilator-runtime/include/vltstd -DVM_COVERAGE=0 -DVM_SC=0 -DVM_TRACE=0 -DVM_TRACE_FST=0 -DVM_TRACE_VCD=0 -faligned-new -fcf-protection=none -Wno-bool-operation -Wno-overloaded-virtual -Wno-shadow -Wno-sign-compare -Wno-uninitialized -Wno-unused-but-set-parameter -Wno-unused-but-set-variable -Wno-unused-parameter -Wno-unused-variable     -O3 -std=c++17 -ffp-contract=off -fno-fast-math    -c -o VStreamingDenseProbe_idma_desc64_reg_pkg__DepSet_hec90e34b__0__Slow.o VStreamingDenseProbe_idma_desc64_reg_pkg__DepSet_hec90e34b__0__Slow.cpp
g++   -I.  -MMD -I/home/runner/work/hetero_cnn_llm_aha/hetero_cnn_llm_aha/work/pipeline_components/verilator-runtime/include -I/home/runner/work/hetero_cnn_llm_aha/hetero_cnn_llm_aha/work/pipeline_components/verilator-runtime/include/vltstd -DVM_COVERAGE=0 -DVM_SC=0 -DVM_TRACE=0 -DVM_TRACE_FST=0 -DVM_TRACE_VCD=0 -faligned-new -fcf-protection=none -Wno-bool-operation -Wno-overloaded-virtual -Wno-shadow -Wno-sign-compare -Wno-uninitialized -Wno-unused-but-set-parameter -Wno-unused-but-set-variable -Wno-unused-parameter -Wno-unused-variable     -O3 -std=c++17 -ffp-contract=off -fno-fast-math    -c -o VStreamingDenseProbe__Syms.o VStreamingDenseProbe__Syms.cpp
Archive ar -rcs VStreamingDenseProbe__ALL.a VStreamingDenseProbe.o VStreamingDenseProbe___024root__DepSet_h736f3979__0.o VStreamingDenseProbe___024root__DepSet_hbe44525d__0.o VStreamingDenseProbe___024root__DepSet_hbe44525d__1.o VStreamingDenseProbe___024root__DepSet_hbe44525d__2.o VStreamingDenseProbe___024root__DepSet_hbe44525d__3.o VStreamingDenseProbe___024root__DepSet_hbe44525d__4.o VStreamingDenseProbe___024root__DepSet_hbe44525d__5.o VStreamingDenseProbe___024root__DepSet_hbe44525d__6.o VStreamingDenseProbe___024root__DepSet_hbe44525d__7.o VStreamingDenseProbe___024root__DepSet_hbe44525d__8.o VStreamingDenseProbe___024root__DepSet_hbe44525d__9.o VStreamingDenseProbe_idma_reg32_3d_reg_pkg__DepSet_h14becb4c__0.o VStreamingDenseProbe_idma_reg64_2d_reg_pkg__DepSet_hf82fddae__0.o VStreamingDenseProbe_idma_reg64_1d_reg_pkg__DepSet_h1793a48d__0.o VStreamingDenseProbe_idma_desc64_reg_pkg__DepSet_hec90e34b__0.o VStreamingDenseProbe__Dpi.o VStreamingDenseProbe__ConstPool_0.o VStreamingDenseProbe___024root__Slow.o VStreamingDenseProbe___024root__DepSet_h736f3979__0__Slow.o VStreamingDenseProbe___024root__DepSet_hbe44525d__0__Slow.o VStreamingDenseProbe___024root__DepSet_hbe44525d__1__Slow.o VStreamingDenseProbe___024root__DepSet_hbe44525d__2__Slow.o VStreamingDenseProbe___024root__DepSet_hbe44525d__3__Slow.o VStreamingDenseProbe_idma_reg32_3d_reg_pkg__Slow.o VStreamingDenseProbe_idma_reg32_3d_reg_pkg__DepSet_h14becb4c__0__Slow.o VStreamingDenseProbe_idma_reg64_2d_reg_pkg__Slow.o VStreamingDenseProbe_idma_reg64_2d_reg_pkg__DepSet_hf82fddae__0__Slow.o VStreamingDenseProbe_idma_reg64_1d_reg_pkg__Slow.o VStreamingDenseProbe_idma_reg64_1d_reg_pkg__DepSet_h1793a48d__0__Slow.o VStreamingDenseProbe_idma_desc64_reg_pkg__Slow.o VStreamingDenseProbe_idma_desc64_reg_pkg__DepSet_hec90e34b__0__Slow.o VStreamingDenseProbe__Syms.o Vqwen2_matrix_command_endpoint/libqwen2_matrix_command_endpoint.a Vbf16_context_lane_cluster16_rev8b_b_candidate/libbf16_context_lane_cluster16_rev8b_b_candidate.a
g++     streaming_dense.o verilated.o verilated_dpi.o verilated_threads.o VStreamingDenseProbe__ALL.a Vqwen2_matrix_command_endpoint/libqwen2_matrix_command_endpoint.a Vbf16_context_lane_cluster16_rev8b_b_candidate/libbf16_context_lane_cluster16_rev8b_b_candidate.a    -pthread -lpthread -latomic   -o VStreamingDenseProbe
rm VStreamingDenseProbe__ALL.verilator_deplist.tmp
make[1]: Leaving directory '/home/runner/work/hetero_cnn_llm_aha/hetero_cnn_llm_aha/work/pipeline_components/StreamingDense/obj'
make: Leaving directory '/home/runner/work/hetero_cnn_llm_aha/hetero_cnn_llm_aha/work/pipeline_components/StreamingDense/obj'
